t,F_meas_N,speed_mps,mode,depth_m
0.476,0.000,0.000,APPROACH,0.00000
0.528,0.014,0.136,APPROACH,0.00000
0.569,0.006,0.143,APPROACH,0.00000
0.609,0.007,0.149,APPROACH,0.00000
0.652,0.015,0.156,APPROACH,0.00000
0.694,0.027,0.162,APPROACH,0.00000
0.735,0.041,0.169,APPROACH,0.00000
0.778,0.056,0.176,APPROACH,0.00000
0.818,0.069,0.183,APPROACH,0.00000
0.860,0.084,0.190,APPROACH,0.00000
0.901,0.095,0.198,APPROACH,0.00000
0.943,0.106,0.200,APPROACH,0.00000
0.985,0.115,0.200,APPROACH,0.00000
1.029,0.124,0.200,APPROACH,0.00000
1.075,0.134,0.200,APPROACH,0.00000
1.121,0.145,0.200,APPROACH,0.00000
1.169,0.146,0.200,APPROACH,0.00000
1.219,0.142,0.200,APPROACH,0.00000
1.270,0.140,0.200,APPROACH,0.00000
1.323,0.139,0.200,APPROACH,0.00000
1.377,0.136,0.200,APPROACH,0.00000
1.433,0.134,0.200,APPROACH,0.00000
1.489,0.129,0.200,APPROACH,0.00000
1.547,0.123,0.200,APPROACH,0.00000
1.608,0.121,0.200,APPROACH,0.00000
1.669,0.117,0.200,APPROACH,0.00000
1.731,0.110,0.200,APPROACH,0.00000
1.795,0.105,0.200,APPROACH,0.00000
1.860,0.101,0.200,APPROACH,0.00000
1.926,0.095,0.200,APPROACH,0.00000
1.993,0.092,0.200,APPROACH,0.00000
2.062,0.086,0.200,APPROACH,0.00000
2.132,0.080,0.200,APPROACH,0.00000
2.202,0.074,0.200,APPROACH,0.00000
2.272,0.068,0.200,APPROACH,0.00000
2.344,0.062,0.200,APPROACH,0.00000
2.416,0.056,0.200,APPROACH,0.00000
2.490,0.049,0.200,APPROACH,0.00000
2.613,0.043,0.000,APPROACH,0.00000
2.663,0.043,0.000,APPROACH,0.00040
2.715,0.043,0.000,APPROACH,0.00080
2.766,0.044,0.000,APPROACH,0.00120
2.819,0.044,0.000,APPROACH,0.00160
2.870,0.044,0.000,APPROACH,0.00200
2.920,0.044,0.000,APPROACH,0.00240
2.971,0.044,0.000,APPROACH,0.00280
3.021,0.044,0.000,APPROACH,0.00320
3.072,0.044,0.000,APPROACH,0.00360
3.124,0.044,0.000,APPROACH,0.00400
3.174,0.044,0.000,APPROACH,0.00440
3.225,0.044,0.000,APPROACH,0.00480
3.276,0.044,0.000,APPROACH,0.00520
3.328,0.044,0.000,APPROACH,0.00560
3.380,0.044,0.000,APPROACH,0.00600
3.432,0.044,0.000,APPROACH,0.00640
3.483,0.044,0.000,APPROACH,0.00680
3.534,0.044,0.000,APPROACH,0.00720
3.585,0.044,0.000,APPROACH,0.00760
3.635,0.044,0.000,APPROACH,0.00800
3.686,0.044,0.000,APPROACH,0.00840
3.738,0.044,0.000,APPROACH,0.00880
3.790,0.044,0.000,APPROACH,0.00920
3.842,0.044,0.000,APPROACH,0.00960
3.894,0.044,0.000,APPROACH,0.01000
3.945,0.044,0.000,APPROACH,0.01040
3.996,0.044,0.000,APPROACH,0.01080
4.048,0.044,0.000,APPROACH,0.01120
4.100,0.044,0.000,APPROACH,0.01160
4.152,0.044,0.000,APPROACH,0.01200
4.204,0.044,0.000,APPROACH,0.01240
4.255,0.044,0.000,APPROACH,0.01280
4.306,0.044,0.000,APPROACH,0.01320
4.358,0.044,0.000,APPROACH,0.01360
4.409,0.044,0.000,APPROACH,0.01400
4.459,0.044,0.000,APPROACH,0.01440
4.511,0.044,0.000,APPROACH,0.01480
4.563,0.044,0.000,APPROACH,0.01520
4.615,0.044,0.000,APPROACH,0.01560
4.666,0.044,0.000,APPROACH,0.01600
4.717,0.044,0.000,APPROACH,0.01600
4.769,0.044,0.000,APPROACH,0.01600
4.820,0.044,0.000,APPROACH,0.01600
4.872,0.044,0.000,APPROACH,0.01600
4.924,0.044,0.000,APPROACH,0.01600
4.976,0.044,0.000,APPROACH,0.01600
5.027,0.044,0.000,APPROACH,0.01600
5.078,0.044,0.000,APPROACH,0.01600
5.130,0.044,0.000,APPROACH,0.01600
5.182,0.044,0.000,APPROACH,0.01600
5.234,0.044,0.000,APPROACH,0.01600
5.286,0.044,0.000,APPROACH,0.01600
5.337,0.044,0.000,APPROACH,0.01600
5.388,0.044,0.000,APPROACH,0.01600
5.440,0.044,0.000,APPROACH,0.01600
5.492,0.044,0.000,APPROACH,0.01600
5.544,0.044,0.000,APPROACH,0.01600
5.596,0.044,0.000,APPROACH,0.01600
5.647,0.044,0.000,APPROACH,0.01600
5.648,0.044,0.200,APPROACH,0.01600
5.723,0.044,0.200,APPROACH,0.01600
5.797,10.169,0.000,CONTACT,0.01599
5.847,30.371,0.165,BACKOFF,0.01399
5.889,37.933,0.166,BACKOFF,0.01199
5.929,39.270,0.166,BACKOFF,0.00999
5.970,33.180,0.167,BACKOFF,0.00799
6.013,20.972,0.168,BACKOFF,0.00599
6.053,11.775,0.169,BACKOFF,0.00399
6.095,4.850,0.166,BACKOFF,0.00199
6.138,2.013,0.166,BACKOFF,0.00000
6.179,0.851,0.167,BACKOFF,0.00000
6.221,0.309,0.167,BACKOFF,0.00000
6.265,0.214,0.167,BACKOFF,0.00000
6.307,0.114,0.168,BACKOFF,0.00000
6.350,0.073,0.168,BACKOFF,0.00000
6.391,0.054,0.167,BACKOFF,0.00000
6.432,0.048,0.167,BACKOFF,0.00000
6.476,0.046,0.167,BACKOFF,0.00000
6.517,0.045,0.166,APPROACH,0.00033
6.559,0.045,0.166,APPROACH,0.00066
6.601,0.045,0.199,APPROACH,0.00100
6.642,0.045,0.198,APPROACH,0.00000
6.683,0.040,0.197,APPROACH,0.00000
6.724,0.035,0.196,APPROACH,0.00000
6.766,0.028,0.194,APPROACH,0.00000
6.808,0.021,0.193,APPROACH,0.00000
6.850,0.016,0.192,APPROACH,0.00000
6.892,0.011,0.191,APPROACH,0.00000
6.933,0.007,0.190,APPROACH,0.00000
6.974,0.003,0.188,APPROACH,0.00000
7.016,0.001,0.200,APPROACH,0.00000
7.100,0.001,0.200,APPROACH,0.00000
7.186,0.000,0.200,APPROACH,0.00000
7.270,0.000,0.200,APPROACH,0.00000
7.355,0.000,0.200,APPROACH,0.00000
7.439,0.000,0.200,APPROACH,0.00000
7.525,0.000,0.200,APPROACH,0.00000
7.609,0.000,0.200,APPROACH,0.00000
7.693,0.000,0.200,APPROACH,0.00000
7.777,0.000,0.200,APPROACH,0.00000
7.861,0.000,0.200,APPROACH,0.00000
7.946,0.000,0.200,APPROACH,0.00000
8.030,0.000,0.200,APPROACH,0.00000
8.116,0.000,0.200,APPROACH,0.00000
8.200,0.000,0.200,APPROACH,0.00000
8.284,0.000,0.200,APPROACH,0.00000
8.368,0.000,0.200,APPROACH,0.00000
8.452,0.000,0.200,APPROACH,0.00000
8.537,0.000,0.188,APPROACH,0.00000
8.579,0.000,0.190,APPROACH,0.00000
8.620,0.001,0.191,APPROACH,0.00000
8.662,0.001,0.192,APPROACH,0.00000
8.705,0.001,0.193,APPROACH,0.00000
8.747,0.000,0.194,APPROACH,0.00000
8.788,0.000,0.196,APPROACH,0.00000
8.830,0.000,0.197,APPROACH,0.00000
8.921,0.000,0.000,APPROACH,0.00000
8.972,0.000,0.000,APPROACH,0.00040
9.023,0.000,0.000,APPROACH,0.00080
9.075,0.000,0.000,APPROACH,0.00120
9.127,0.000,0.000,APPROACH,0.00160
9.177,0.000,0.000,APPROACH,0.00200
9.229,0.000,0.000,APPROACH,0.00240
9.281,0.000,0.000,APPROACH,0.00280
9.332,0.000,0.000,APPROACH,0.00320
9.382,0.000,0.000,APPROACH,0.00360
9.433,0.000,0.000,APPROACH,0.00400
9.485,0.000,0.000,APPROACH,0.00440
9.537,0.000,0.000,APPROACH,0.00480
9.589,0.000,0.000,APPROACH,0.00520
9.641,0.000,0.000,APPROACH,0.00560
9.692,0.000,0.000,APPROACH,0.00600
9.743,0.000,0.000,APPROACH,0.00640
9.795,0.000,0.000,APPROACH,0.00680
9.847,0.000,0.000,APPROACH,0.00720
9.898,0.000,0.000,APPROACH,0.00760
9.950,0.000,0.000,APPROACH,0.00800
10.002,0.000,0.000,APPROACH,0.00840
10.053,0.000,0.000,APPROACH,0.00880
10.104,0.000,0.000,APPROACH,0.00920
10.154,0.000,0.000,APPROACH,0.00960
10.205,0.000,0.000,APPROACH,0.01000
10.255,0.000,0.000,APPROACH,0.01040
10.307,0.000,0.000,APPROACH,0.01080
10.359,0.000,0.000,APPROACH,0.01120
10.409,0.000,0.000,APPROACH,0.01160
10.461,0.000,0.000,APPROACH,0.01200
10.513,0.000,0.000,APPROACH,0.01240
10.564,0.000,0.000,APPROACH,0.01280
10.615,0.000,0.000,APPROACH,0.01320
10.667,0.000,0.000,APPROACH,0.01360
10.719,0.000,0.000,APPROACH,0.01400
10.771,0.000,0.000,APPROACH,0.01440
10.823,0.000,0.000,APPROACH,0.01480
10.874,0.000,0.000,APPROACH,0.01520
10.925,0.000,0.000,APPROACH,0.01560
10.977,0.000,0.000,APPROACH,0.01600
11.029,0.000,0.000,APPROACH,0.01600
11.081,0.000,0.000,APPROACH,0.01600
11.132,0.658,0.000,APPROACH,0.01600
11.184,0.868,0.000,APPROACH,0.01600
11.235,0.943,0.000,APPROACH,0.01600
11.286,0.961,0.000,APPROACH,0.01600
11.338,0.967,0.000,APPROACH,0.01600
11.390,0.969,0.000,APPROACH,0.01600
11.442,0.970,0.000,APPROACH,0.01600
11.494,0.970,0.000,APPROACH,0.01600
11.545,0.970,0.000,APPROACH,0.01600
11.596,0.970,0.000,APPROACH,0.01600
11.648,0.970,0.000,APPROACH,0.01600
11.700,0.970,0.000,APPROACH,0.01600
11.752,0.970,0.000,APPROACH,0.01600
11.804,0.970,0.000,APPROACH,0.01600
11.855,0.970,0.000,APPROACH,0.01600
11.906,0.970,0.000,APPROACH,0.01600
11.958,0.970,0.000,APPROACH,0.01600
11.958,0.970,0.198,APPROACH,0.01600
12.001,0.970,0.199,APPROACH,0.01600
12.043,10.293,0.166,CONTACT,0.01599
12.083,29.079,0.166,BACKOFF,0.01399
12.125,38.082,0.167,BACKOFF,0.01199
12.167,41.495,0.167,BACKOFF,0.00999
12.207,38.164,0.167,BACKOFF,0.00799
12.249,26.087,0.168,BACKOFF,0.00599
12.292,11.809,0.168,BACKOFF,0.00399
12.334,6.047,0.167,BACKOFF,0.00199
12.375,2.477,0.167,BACKOFF,0.00000
12.417,1.015,0.167,BACKOFF,0.00000
12.458,0.333,0.166,BACKOFF,0.00000
12.499,0.137,0.166,BACKOFF,0.00000
12.540,0.070,0.169,BACKOFF,0.00000
12.582,0.029,0.168,BACKOFF,0.00000
12.624,0.012,0.167,BACKOFF,0.00000
12.667,0.005,0.166,BACKOFF,0.00000
12.709,0.002,0.166,BACKOFF,0.00000
12.754,0.001,0.165,APPROACH,0.00033
12.795,0.001,0.166,APPROACH,0.00067
12.837,0.000,0.166,APPROACH,0.00100
12.880,0.000,0.167,APPROACH,0.00133
12.921,0.000,0.167,APPROACH,0.00167
12.966,0.000,0.167,APPROACH,0.00200
13.007,0.000,0.168,APPROACH,0.00233
13.050,0.000,0.165,APPROACH,0.00267
13.092,0.000,0.166,APPROACH,0.00300
13.133,0.000,0.166,APPROACH,0.00333
13.173,0.000,0.167,APPROACH,0.00367
13.216,0.000,0.168,APPROACH,0.00400
13.258,0.000,0.168,APPROACH,0.00433
13.300,0.000,0.167,APPROACH,0.00467
13.342,0.000,0.167,APPROACH,0.00500
13.383,0.000,0.167,APPROACH,0.00533
13.425,0.000,0.167,APPROACH,0.00567
13.466,0.000,0.167,APPROACH,0.00600
13.506,0.000,0.167,APPROACH,0.00633
13.547,0.000,0.169,APPROACH,0.00667
13.587,0.000,0.168,APPROACH,0.00700
13.630,0.000,0.167,APPROACH,0.00733
13.672,0.000,0.167,APPROACH,0.00767
13.714,0.527,0.166,APPROACH,0.00798
13.757,0.847,0.165,APPROACH,0.00829
13.797,0.956,0.174,APPROACH,0.00859
13.841,0.986,0.172,APPROACH,0.00889
13.882,2.905,0.169,CONTACT,0.00913
13.923,6.450,0.166,CONTACT,0.00924
13.965,10.126,0.164,CONTACT,0.00924
14.006,12.971,0.161,CONTACT,0.00914
14.049,12.874,0.200,CONTACT,0.00904
14.099,12.363,0.200,CONTACT,0.00897
14.148,10.367,0.200,CONTACT,0.00895
14.196,7.207,0.200,CONTACT,0.00905
14.245,4.164,0.200,CONTACT,0.00924
14.295,3.349,0.200,CONTACT,0.00946
14.344,3.512,0.156,CONTACT,0.00968
14.385,5.106,0.161,CONTACT,0.00984
14.426,7.321,0.165,CONTACT,0.00993
14.467,10.701,0.170,CONTACT,0.00991
14.509,12.138,0.175,CONTACT,0.00984
14.550,13.735,0.180,CONTACT,0.00971
14.590,13.124,0.160,CONTACT,0.00961
14.633,11.833,0.163,CONTACT,0.00955
14.675,11.655,0.166,CONTACT,0.00949
14.718,12.037,0.169,CONTACT,0.00942
14.760,12.382,0.172,CONTACT,0.00935
14.805,11.696,0.175,CONTACT,0.00929
14.845,9.137,0.164,CONTACT,0.00932
14.886,7.865,0.165,CONTACT,0.00939
14.928,8.013,0.166,CONTACT,0.00945
14.971,8.780,0.168,CONTACT,0.00950
15.014,10.075,0.169,CONTACT,0.00949
15.056,10.263,0.171,CONTACT,0.00948
15.098,9.403,0.166,CONTACT,0.00950
15.142,8.517,0.166,CONTACT,0.00955
15.183,8.939,0.167,CONTACT,0.00959
15.225,9.802,0.167,CONTACT,0.00960
15.267,10.404,0.168,CONTACT,0.00958
15.309,10.387,0.168,CONTACT,0.00957
15.349,9.626,0.167,CONTACT,0.00958
15.390,9.207,0.167,CONTACT,0.00961
15.433,9.341,0.167,CONTACT,0.00963
15.474,9.817,0.167,CONTACT,0.00964
15.517,10.198,0.166,CONTACT,0.00963
15.558,10.121,0.166,CONTACT,0.00963
15.598,9.875,0.164,CONTACT,0.00963
15.640,9.025,0.165,CONTACT,0.00966
15.681,8.615,0.166,CONTACT,0.00971
15.721,8.536,0.168,CONTACT,0.00976
15.763,8.688,0.169,CONTACT,0.00980
15.806,8.867,0.170,CONTACT,0.00984
15.847,9.115,0.167,CONTACT,0.00987
15.890,9.575,0.167,CONTACT,0.00988
15.930,10.346,0.167,CONTACT,0.00987
15.972,11.096,0.167,CONTACT,0.00983
16.013,11.457,0.167,CONTACT,0.00979
16.055,11.460,0.166,CONTACT,0.00974
16.097,10.563,0.169,CONTACT,0.00972
16.137,10.144,0.168,CONTACT,0.00971
16.179,10.167,0.167,CONTACT,0.00971
16.220,10.390,0.166,CONTACT,0.00969
16.260,10.659,0.166,CONTACT,0.00967
16.302,10.533,0.165,CONTACT,0.00966
16.345,9.870,0.172,CONTACT,0.00966
16.386,9.240,0.170,CONTACT,0.00968
16.426,9.358,0.168,CONTACT,0.00971
16.468,10.159,0.166,CONTACT,0.00970
16.509,10.635,0.164,CONTACT,0.00968
16.551,10.552,0.163,CONTACT,0.00966
16.593,9.834,0.174,CONTACT,0.00967
16.636,9.321,0.171,CONTACT,0.00969
16.679,9.504,0.169,CONTACT,0.00971
16.721,10.077,0.166,CONTACT,0.00970
16.761,10.563,0.163,CONTACT,0.00968
16.803,10.415,0.161,CONTACT,0.00967
16.845,9.916,0.175,CONTACT,0.00967
16.886,9.470,0.172,CONTACT,0.00969
16.927,9.289,0.169,CONTACT,0.00972
16.970,9.428,0.166,CONTACT,0.00973
17.011,9.622,0.163,CONTACT,0.00975
17.053,9.747,0.160,CONTACT,0.00976
17.094,9.598,0.171,CONTACT,0.00977
17.135,9.237,0.170,CONTACT,0.00979
17.177,9.014,0.168,CONTACT,0.00983
17.219,8.999,0.167,CONTACT,0.00986
17.260,9.176,0.165,CONTACT,0.00989
17.301,9.272,0.164,CONTACT,0.00991
17.343,9.458,0.164,CONTACT,0.00993
17.383,9.636,0.165,CONTACT,0.00994
17.425,9.906,0.167,CONTACT,0.00995
17.466,10.097,0.168,CONTACT,0.00994
17.506,10.135,0.170,CONTACT,0.00994
17.548,10.218,0.171,CONTACT,0.00993
17.588,10.151,0.160,CONTACT,0.00993
17.631,10.311,0.163,CONTACT,0.00991
17.673,10.737,0.166,CONTACT,0.00989
17.714,11.058,0.169,CONTACT,0.00985
17.756,11.253,0.172,CONTACT,0.00981
17.798,11.137,0.175,CONTACT,0.00978
17.839,10.299,0.161,CONTACT,0.00977
17.880,9.998,0.163,CONTACT,0.00977
17.921,10.095,0.166,CONTACT,0.00976
17.962,10.762,0.169,CONTACT,0.00974
18.003,11.086,0.171,CONTACT,0.00970
18.046,10.858,0.174,CONTACT,0.00967
18.087,10.037,0.163,CONTACT,0.00967
18.128,9.484,0.164,CONTACT,0.00969
18.169,9.652,0.166,CONTACT,0.00970
18.212,10.234,0.168,CONTACT,0.00969
18.253,10.656,0.170,CONTACT,0.00967
18.296,10.604,0.172,CONTACT,0.00965
18.340,9.964,0.165,CONTACT,0.00965
18.382,9.470,0.166,CONTACT,0.00967
18.424,9.597,0.166,CONTACT,0.00968
18.466,10.013,0.167,CONTACT,0.00968
18.507,10.339,0.168,CONTACT,0.00967
18.552,10.316,0.169,CONTACT,0.00966
18.593,9.778,0.166,CONTACT,0.00967
18.636,9.390,0.167,CONTACT,0.00969
18.678,9.526,0.167,CONTACT,0.00970
18.720,9.915,0.167,CONTACT,0.00971
18.762,10.230,0.167,CONTACT,0.00970
18.804,10.273,0.167,CONTACT,0.00969
18.847,9.907,0.164,CONTACT,0.00969
18.887,9.326,0.165,CONTACT,0.00972
18.928,9.053,0.166,CONTACT,0.00975
18.970,9.060,0.168,CONTACT,0.00978
19.012,9.164,0.169,CONTACT,0.00981
19.053,9.379,0.170,CONTACT,0.00983
19.096,9.462,0.168,CONTACT,0.00984
19.137,9.678,0.168,CONTACT,0.00986
19.179,10.166,0.167,CONTACT,0.00985
19.220,10.428,0.167,CONTACT,0.00984
19.262,10.823,0.166,CONTACT,0.00981
19.304,10.864,0.166,CONTACT,0.00978
19.347,10.468,0.170,CONTACT,0.00976
19.388,9.971,0.169,CONTACT,0.00976
19.430,9.957,0.167,CONTACT,0.00977
19.470,10.164,0.166,CONTACT,0.00976
19.510,10.370,0.165,CONTACT,0.00975
19.551,10.328,0.164,CONTACT,0.00974
19.592,9.940,0.171,CONTACT,0.00974
19.633,9.590,0.170,CONTACT,0.00975
19.674,9.655,0.168,CONTACT,0.00976
19.716,9.966,0.166,CONTACT,0.00977
19.756,10.201,0.164,CONTACT,0.00976
19.800,10.215,0.163,CONTACT,0.00975
19.842,9.918,0.173,CONTACT,0.00975
19.883,9.722,0.170,CONTACT,0.00976
19.926,9.686,0.168,CONTACT,0.00977
19.967,9.848,0.166,CONTACT,0.00978
20.008,10.021,0.164,CONTACT,0.00978
20.052,10.025,0.162,CONTACT,0.00978
20.093,9.772,0.172,CONTACT,0.00979
20.134,9.515,0.170,CONTACT,0.00980
20.175,9.458,0.168,CONTACT,0.00982
20.216,9.552,0.166,CONTACT,0.00983
20.257,9.672,0.164,CONTACT,0.00985
20.298,9.713,0.162,CONTACT,0.00985
20.340,9.700,0.169,CONTACT,0.00986
20.381,9.568,0.168,CONTACT,0.00988
20.424,9.550,0.168,CONTACT,0.00989
20.465,9.594,0.167,CONTACT,0.00991
20.506,9.661,0.166,CONTACT,0.00992
20.547,9.766,0.165,CONTACT,0.00993
20.587,9.853,0.165,CONTACT,0.00993
20.628,9.924,0.166,CONTACT,0.00993
20.671,9.996,0.167,CONTACT,0.00993
20.713,10.044,0.168,CONTACT,0.00993
20.753,10.086,0.168,CONTACT,0.00993
20.795,10.093,0.169,CONTACT,0.00993
20.836,10.067,0.162,CONTACT,0.00992
20.878,10.103,0.164,CONTACT,0.00992
20.921,10.216,0.166,CONTACT,0.00991
20.962,10.442,0.168,CONTACT,0.00990
21.003,10.512,0.170,CONTACT,0.00988
21.045,10.417,0.172,CONTACT,0.00987
21.087,10.161,0.162,CONTACT,0.00986
21.130,10.030,0.164,CONTACT,0.00986
21.172,10.202,0.166,CONTACT,0.00986
21.213,10.487,0.168,CONTACT,0.00984
21.255,10.648,0.170,CONTACT,0.00982
21.296,10.494,0.172,CONTACT,0.00980
21.341,10.197,0.163,CONTACT,0.00979
21.382,9.983,0.164,CONTACT,0.00980
21.424,10.067,0.166,CONTACT,0.00979
21.465,10.380,0.168,CONTACT,0.00978
21.506,10.502,0.170,CONTACT,0.00976
21.551,10.353,0.171,CONTACT,0.00975
21.592,10.040,0.164,CONTACT,0.00975
21.633,9.738,0.165,CONTACT,0.00976
21.675,9.832,0.166,CONTACT,0.00976
21.718,10.109,0.167,CONTACT,0.00976
21.758,10.342,0.169,CONTACT,0.00975
21.800,10.336,0.170,CONTACT,0.00974
21.842,10.041,0.166,CONTACT,0.00974
21.883,9.620,0.166,CONTACT,0.00975
21.924,9.759,0.167,CONTACT,0.00976
21.966,10.047,0.167,CONTACT,0.00976
22.008,10.170,0.168,CONTACT,0.00975
22.050,10.248,0.168,CONTACT,0.00974
22.092,9.832,0.164,CONTACT,0.00975
22.133,9.495,0.165,CONTACT,0.00976
22.174,9.446,0.166,CONTACT,0.00978
22.215,9.528,0.167,CONTACT,0.00980
22.257,9.696,0.168,CONTACT,0.00981
22.300,9.788,0.170,CONTACT,0.00982
22.341,9.737,0.168,CONTACT,0.00982
22.382,9.734,0.168,CONTACT,0.00983
22.424,9.882,0.167,CONTACT,0.00984
22.466,10.198,0.167,CONTACT,0.00983
22.507,10.474,0.166,CONTACT,0.00982
22.549,10.426,0.165,CONTACT,0.00980
22.591,10.109,0.170,CONTACT,0.00980
22.634,9.900,0.169,CONTACT,0.00980
22.675,9.934,0.167,CONTACT,0.00980
22.716,10.107,0.166,CONTACT,0.00980
22.756,10.214,0.165,CONTACT,0.00979
22.798,10.144,0.164,CONTACT,0.00979
22.843,9.953,0.171,CONTACT,0.00979
22.884,9.760,0.169,CONTACT,0.00980
22.924,9.784,0.168,CONTACT,0.00980
22.965,9.943,0.166,CONTACT,0.00981
23.005,10.045,0.165,CONTACT,0.00980
23.046,9.996,0.163,CONTACT,0.00980
23.087,9.907,0.171,CONTACT,0.00981
23.128,9.698,0.169,CONTACT,0.00982
23.170,9.709,0.168,CONTACT,0.00983
23.212,9.807,0.166,CONTACT,0.00983
23.254,9.897,0.164,CONTACT,0.00984
23.296,9.916,0.163,CONTACT,0.00984
23.337,9.824,0.170,CONTACT,0.00985
23.377,9.695,0.169,CONTACT,0.00986
23.418,9.678,0.168,CONTACT,0.00987
23.460,9.742,0.166,CONTACT,0.00988
23.501,9.806,0.165,CONTACT,0.00988
23.543,9.869,0.163,CONTACT,0.00989
23.585,9.865,0.168,CONTACT,0.00989
23.626,9.810,0.168,CONTACT,0.00990
23.667,9.807,0.167,CONTACT,0.00990
23.707,9.826,0.167,CONTACT,0.00991
23.748,9.868,0.166,CONTACT,0.00991
23.789,9.910,0.166,CONTACT,0.00992
23.830,9.939,0.166,CONTACT,0.00992
23.870,9.965,0.166,CONTACT,0.00992
23.912,9.987,0.167,CONTACT,0.00992
23.953,10.010,0.167,CONTACT,0.00992
23.994,10.033,0.168,CONTACT,0.00992
24.035,10.035,0.168,CONTACT,0.00992
24.078,10.025,0.163,CONTACT,0.00992
24.121,10.054,0.165,CONTACT,0.00992
24.162,10.115,0.166,CONTACT,0.00991
24.205,10.202,0.168,CONTACT,0.00990
24.247,10.245,0.169,CONTACT,0.00990
24.289,10.213,0.170,CONTACT,0.00989
24.330,10.066,0.163,CONTACT,0.00989
24.371,10.038,0.164,CONTACT,0.00989
24.411,10.125,0.166,CONTACT,0.00988
24.452,10.279,0.168,CONTACT,0.00987
24.493,10.372,0.169,CONTACT,0.00986
24.533,10.294,0.171,CONTACT,0.00985
24.575,10.202,0.163,CONTACT,0.00984
24.616,10.061,0.165,CONTACT,0.00984
24.656,10.105,0.166,CONTACT,0.00984
24.697,10.273,0.168,CONTACT,0.00983
24.739,10.333,0.169,CONTACT,0.00982
24.780,10.281,0.171,CONTACT,0.00981
24.822,10.012,0.164,CONTACT,0.00981
24.864,9.846,0.165,CONTACT,0.00981
24.906,9.943,0.166,CONTACT,0.00982
24.948,10.143,0.167,CONTACT,0.00981
24.990,10.262,0.169,CONTACT,0.00980
25.033,10.274,0.170,CONTACT,0.00979
25.074,9.938,0.165,CONTACT,0.00979
25.115,9.797,0.166,CONTACT,0.00980
25.158,9.920,0.167,CONTACT,0.00980
25.202,10.030,0.167,CONTACT,0.00980
25.246,10.202,0.168,CONTACT,0.00980
25.287,10.279,0.168,CONTACT,0.00979
25.327,10.071,0.165,CONTACT,0.00978
25.369,9.792,0.166,CONTACT,0.00979
25.411,9.771,0.166,CONTACT,0.00980
25.453,9.832,0.167,CONTACT,0.00980
25.496,9.985,0.168,CONTACT,0.00981
25.536,10.043,0.168,CONTACT,0.00980
25.579,9.953,0.168,CONTACT,0.00981
25.621,9.817,0.168,CONTACT,0.00981
25.663,9.821,0.167,CONTACT,0.00982
25.705,9.970,0.166,CONTACT,0.00982
25.747,10.110,0.166,CONTACT,0.00981
25.788,10.135,0.165,CONTACT,0.00981
25.830,10.006,0.170,CONTACT,0.00981
25.870,9.871,0.168,CONTACT,0.00981
25.911,9.888,0.167,CONTACT,0.00982
25.954,9.996,0.166,CONTACT,0.00982
25.995,10.073,0.165,CONTACT,0.00982
26.038,10.050,0.164,CONTACT,0.00981
26.079,9.944,0.170,CONTACT,0.00982
26.121,9.819,0.169,CONTACT,0.00982
26.162,9.814,0.168,CONTACT,0.00983
26.204,9.876,0.166,CONTACT,0.00983
26.244,9.960,0.165,CONTACT,0.00983
26.286,9.980,0.164,CONTACT,0.00983
26.326,9.897,0.170,CONTACT,0.00984
26.369,9.783,0.169,CONTACT,0.00985
26.410,9.773,0.168,CONTACT,0.00985
26.451,9.837,0.166,CONTACT,0.00986
26.491,9.896,0.165,CONTACT,0.00986
26.533,9.937,0.164,CONTACT,0.00986
26.574,9.893,0.169,CONTACT,0.00987
26.616,9.829,0.168,CONTACT,0.00987
26.657,9.820,0.167,CONTACT,0.00988
26.698,9.854,0.166,CONTACT,0.00988
26.740,9.891,0.165,CONTACT,0.00989
26.782,9.927,0.164,CONTACT,0.00989
26.823,9.917,0.168,CONTACT,0.00989
26.865,9.899,0.167,CONTACT,0.00990
26.907,9.897,0.167,CONTACT,0.00990
26.947,9.904,0.167,CONTACT,0.00990
26.988,9.929,0.166,CONTACT,0.00990
27.030,9.951,0.166,CONTACT,0.00991
27.072,9.966,0.166,CONTACT,0.00991
27.114,9.979,0.166,CONTACT,0.00991
27.155,9.992,0.167,CONTACT,0.00991
27.197,10.008,0.167,CONTACT,0.00991
27.240,10.017,0.167,CONTACT,0.00991
27.281,10.020,0.168,CONTACT,0.00991
27.321,10.016,0.164,CONTACT,0.00991
27.362,10.022,0.165,CONTACT,0.00991
27.404,10.065,0.166,CONTACT,0.00990
27.447,10.110,0.167,CONTACT,0.00990
27.488,10.129,0.168,CONTACT,0.00990
27.531,10.106,0.169,CONTACT,0.00989
27.572,10.083,0.164,CONTACT,0.00989
27.612,10.062,0.165,CONTACT,0.00989
27.653,10.120,0.166,CONTACT,0.00988
27.694,10.182,0.168,CONTACT,0.00988
27.735,10.202,0.169,CONTACT,0.00987
27.776,10.175,0.170,CONTACT,0.00986
27.818,10.100,0.164,CONTACT,0.00986
27.858,10.010,0.165,CONTACT,0.00986
27.899,10.051,0.166,CONTACT,0.00986
27.939,10.150,0.168,CONTACT,0.00985
27.981,10.220,0.169,CONTACT,0.00985
28.022,10.212,0.170,CONTACT,0.00984
28.064,10.089,0.164,CONTACT,0.00984
28.105,9.946,0.165,CONTACT,0.00984
28.146,9.988,0.166,CONTACT,0.00984
28.189,10.084,0.167,CONTACT,0.00984
28.232,10.181,0.168,CONTACT,0.00983
28.273,10.216,0.170,CONTACT,0.00982
28.316,10.057,0.165,CONTACT,0.00982
28.358,9.915,0.166,CONTACT,0.00982
28.399,9.968,0.166,CONTACT,0.00983
28.440,10.075,0.167,CONTACT,0.00982
28.480,10.205,0.168,CONTACT,0.00982
28.523,10.189,0.168,CONTACT,0.00981
28.565,9.992,0.167,CONTACT,0.00981
28.606,9.847,0.167,CONTACT,0.00981
28.648,9.886,0.167,CONTACT,0.00982
28.690,10.071,0.167,CONTACT,0.00982
28.732,10.215,0.167,CONTACT,0.00981
28.773,10.209,0.167,CONTACT,0.00980
28.813,10.025,0.168,CONTACT,0.00980
28.857,9.846,0.168,CONTACT,0.00981
28.898,9.784,0.167,CONTACT,0.00981
28.940,9.857,0.167,CONTACT,0.00982
28.983,9.946,0.166,CONTACT,0.00982
29.023,9.968,0.165,CONTACT,0.00982
29.067,9.881,0.169,CONTACT,0.00983
29.109,9.815,0.168,CONTACT,0.00983
29.149,9.858,0.167,CONTACT,0.00984
29.192,9.955,0.166,CONTACT,0.00984
29.234,10.028,0.165,CONTACT,0.00984
29.275,10.029,0.164,CONTACT,0.00984
29.318,9.968,0.170,CONTACT,0.00984
29.358,9.890,0.168,CONTACT,0.00984
29.399,9.885,0.167,CONTACT,0.00984
29.440,9.930,0.166,CONTACT,0.00985
29.482,9.971,0.165,CONTACT,0.00985
29.522,9.974,0.164,CONTACT,0.00985
29.563,9.903,0.169,CONTACT,0.00985
29.604,9.842,0.168,CONTACT,0.00986
29.646,9.846,0.167,CONTACT,0.00986
29.689,9.890,0.166,CONTACT,0.00987
29.730,9.903,0.165,CONTACT,0.00987
29.772,9.949,0.164,CONTACT,0.00987
29.813,9.937,0.169,CONTACT,0.00987
29.854,9.891,0.168,CONTACT,0.00988
29.895,9.893,0.167,CONTACT,0.00988
29.938,9.910,0.166,CONTACT,0.00988
29.979,9.938,0.166,CONTACT,0.00989
30.021,9.954,0.165,CONTACT,0.00989
30.063,9.949,0.168,CONTACT,0.00989
30.105,9.936,0.167,CONTACT,0.00989
30.148,9.931,0.167,CONTACT,0.00989
30.189,9.934,0.167,CONTACT,0.00990
30.229,9.942,0.166,CONTACT,0.00990
30.270,9.949,0.166,CONTACT,0.00990
30.310,9.954,0.166,CONTACT,0.00990
30.351,9.960,0.166,CONTACT,0.00990
30.391,9.970,0.167,CONTACT,0.00990
30.434,9.984,0.167,CONTACT,0.00990
30.475,9.995,0.167,CONTACT,0.00990
30.518,10.002,0.167,CONTACT,0.00990
30.560,10.005,0.165,CONTACT,0.00990
30.600,10.010,0.166,CONTACT,0.00990
30.642,10.042,0.166,CONTACT,0.00990
30.683,10.076,0.167,CONTACT,0.00990
30.725,10.096,0.168,CONTACT,0.00990
30.766,10.095,0.169,CONTACT,0.00989
30.807,10.078,0.164,CONTACT,0.00989
30.847,10.075,0.165,CONTACT,0.00989
30.888,10.102,0.166,CONTACT,0.00988
30.929,10.129,0.167,CONTACT,0.00988
30.971,10.147,0.168,CONTACT,0.00987
31.014,10.134,0.169,CONTACT,0.00987
31.055,10.070,0.164,CONTACT,0.00987
31.096,10.031,0.165,CONTACT,0.00987
31.137,10.063,0.166,CONTACT,0.00986
31.177,10.118,0.167,CONTACT,0.00986
31.219,10.144,0.168,CONTACT,0.00986
31.261,10.126,0.170,CONTACT,0.00985
31.303,10.064,0.164,CONTACT,0.00985
31.343,9.993,0.165,CONTACT,0.00985
31.385,10.025,0.166,CONTACT,0.00985
31.427,10.118,0.167,CONTACT,0.00985
31.469,10.147,0.168,CONTACT,0.00984
31.510,10.126,0.169,CONTACT,0.00984
31.551,9.984,0.165,CONTACT,0.00984
31.594,9.913,0.166,CONTACT,0.00984
31.635,9.983,0.167,CONTACT,0.00984
31.676,10.072,0.167,CONTACT,0.00984
31.716,10.169,0.168,CONTACT,0.00983
31.758,10.159,0.168,CONTACT,0.00983
31.801,10.017,0.168,CONTACT,0.00983
31.843,9.926,0.168,CONTACT,0.00983
31.884,9.993,0.167,CONTACT,0.00983
31.926,10.193,0.167,CONTACT,0.00982
31.968,10.352,0.166,CONTACT,0.00981
32.009,10.290,0.165,CONTACT,0.00980
32.051,10.042,0.168,CONTACT,0.00980
32.093,9.845,0.168,CONTACT,0.00980
32.133,9.754,0.167,CONTACT,0.00981
32.174,9.788,0.167,CONTACT,0.00982
32.215,9.852,0.166,CONTACT,0.00982
32.258,9.877,0.165,CONTACT,0.00983
32.300,9.849,0.169,CONTACT,0.00983
32.342,9.808,0.168,CONTACT,0.00984
32.383,9.850,0.167,CONTACT,0.00985
32.425,9.949,0.166,CONTACT,0.00985
32.466,10.008,0.166,CONTACT,0.00985
32.509,10.017,0.165,CONTACT,0.00985
32.551,9.961,0.169,CONTACT,0.00985
32.591,9.906,0.168,CONTACT,0.00985
32.634,9.908,0.167,CONTACT,0.00985
32.676,9.945,0.166,CONTACT,0.00986
32.718,9.978,0.165,CONTACT,0.00986
32.760,9.985,0.164,CONTACT,0.00986
32.801,9.933,0.169,CONTACT,0.00986
32.842,9.893,0.168,CONTACT,0.00986
32.884,9.897,0.167,CONTACT,0.00987
32.926,9.926,0.166,CONTACT,0.00987
32.968,9.951,0.166,CONTACT,0.00987
33.008,9.968,0.165,CONTACT,0.00987
33.050,9.951,0.200,CONTACT,0.00987
33.111,3.360,0.200,APPROACH,0.00887
33.172,1.101,0.200,APPROACH,0.00787
33.234,0.289,0.200,APPROACH,0.00687
33.296,0.076,0.200,APPROACH,0.00587
33.356,0.020,0.200,APPROACH,0.00487
33.417,0.007,0.200,APPROACH,0.00387
33.479,0.002,0.200,APPROACH,0.00287
33.539,0.001,0.200,APPROACH,0.00187
33.599,0.000,0.200,APPROACH,0.00087
33.659,0.000,0.200,APPROACH,0.00000
33.703,0.000,0.200,APPROACH,0.00000
33.746,0.000,0.200,APPROACH,0.00000
33.792,0.000,0.200,APPROACH,0.00000
33.834,0.000,0.200,APPROACH,0.00000
33.878,0.000,0.200,APPROACH,0.00000
33.922,0.000,0.200,APPROACH,0.00000
33.965,0.000,0.200,APPROACH,0.00000
34.011,0.000,0.200,APPROACH,0.00000
34.054,0.000,0.200,APPROACH,0.00000
34.098,0.000,0.200,APPROACH,0.00000
34.141,0.000,0.200,APPROACH,0.00000
34.184,0.000,0.200,APPROACH,0.00000
34.230,0.000,0.200,APPROACH,0.00000
34.272,0.000,0.200,APPROACH,0.00000
34.316,0.000,0.200,APPROACH,0.00000
34.359,0.000,0.200,APPROACH,0.00000
34.403,0.000,0.200,APPROACH,0.00000
34.446,0.000,0.200,APPROACH,0.00000
34.507,0.000,0.200,APPROACH,0.00000
34.567,0.000,0.200,APPROACH,0.00000
34.627,0.000,0.200,APPROACH,0.00000
34.688,0.000,0.200,APPROACH,0.00000
34.749,0.000,0.200,APPROACH,0.00000
34.810,0.000,0.200,APPROACH,0.00000
34.871,0.000,0.200,APPROACH,0.00000
34.983,0.000,0.000,APPROACH,0.00000
35.035,0.000,0.000,APPROACH,0.00040
35.089,0.000,0.000,APPROACH,0.00080
35.140,0.000,0.000,APPROACH,0.00120
35.192,0.000,0.000,APPROACH,0.00160
35.244,0.000,0.000,APPROACH,0.00200
35.297,0.000,0.000,APPROACH,0.00240
35.348,0.000,0.000,APPROACH,0.00280
35.399,0.000,0.000,APPROACH,0.00320
35.451,0.000,0.000,APPROACH,0.00360
35.503,0.000,0.000,APPROACH,0.00400
35.555,0.000,0.000,APPROACH,0.00440
35.607,0.000,0.000,APPROACH,0.00480
35.658,0.000,0.000,APPROACH,0.00520
35.709,0.000,0.000,APPROACH,0.00560
35.760,0.000,0.000,APPROACH,0.00600
35.812,0.000,0.000,APPROACH,0.00640
35.865,0.000,0.000,APPROACH,0.00680
35.916,0.000,0.000,APPROACH,0.00720
35.968,0.000,0.000,APPROACH,0.00760
36.019,0.000,0.000,APPROACH,0.00800
36.070,0.000,0.000,APPROACH,0.00840
36.122,0.000,0.000,APPROACH,0.00880
36.174,0.000,0.000,APPROACH,0.00920
36.226,0.000,0.000,APPROACH,0.00960
36.278,0.000,0.000,APPROACH,0.01000
36.329,0.000,0.000,APPROACH,0.01040
36.379,0.000,0.000,APPROACH,0.01080
36.430,0.000,0.000,APPROACH,0.01120
36.481,0.000,0.000,APPROACH,0.01160
36.532,0.000,0.000,APPROACH,0.01200
36.584,0.000,0.000,APPROACH,0.01240
36.634,0.000,0.000,APPROACH,0.01280
36.686,0.000,0.000,APPROACH,0.01320
36.738,0.000,0.000,APPROACH,0.01360
36.790,0.000,0.000,APPROACH,0.01400
36.841,0.000,0.000,APPROACH,0.01440
36.892,0.000,0.000,APPROACH,0.01480
36.944,0.000,0.000,APPROACH,0.01520
36.996,0.000,0.000,APPROACH,0.01560
37.048,0.000,0.000,APPROACH,0.01600
37.100,0.000,0.000,APPROACH,0.01600
37.151,0.000,0.000,APPROACH,0.01600
37.202,0.000,0.000,APPROACH,0.01600
37.254,0.000,0.000,APPROACH,0.01600
37.306,0.000,0.000,APPROACH,0.01600
37.358,0.000,0.000,APPROACH,0.01600
37.410,0.000,0.000,APPROACH,0.01600
37.461,0.000,0.000,APPROACH,0.01600
37.512,0.000,0.000,APPROACH,0.01600
37.564,0.000,0.000,APPROACH,0.01600
37.616,0.000,0.000,APPROACH,0.01600
37.668,0.000,0.000,APPROACH,0.01600
37.720,0.000,0.000,APPROACH,0.01600
37.771,0.000,0.000,APPROACH,0.01600
37.822,0.000,0.000,APPROACH,0.01600
37.874,0.000,0.000,APPROACH,0.01600
37.925,0.000,0.000,APPROACH,0.01600
37.975,0.000,0.000,APPROACH,0.01600
38.027,0.000,0.000,APPROACH,0.01600
38.028,0.000,0.200,APPROACH,0.01600
38.090,0.000,0.200,APPROACH,0.01600
38.151,6.412,0.165,CONTACT,0.01600
38.192,27.727,0.166,BACKOFF,0.01400
38.233,34.504,0.166,BACKOFF,0.01200
38.275,36.100,0.167,BACKOFF,0.01000
38.318,29.785,0.168,BACKOFF,0.00800
38.359,18.299,0.169,BACKOFF,0.00600
38.402,8.136,0.164,BACKOFF,0.00400
38.444,3.332,0.165,BACKOFF,0.00200
38.485,1.365,0.166,BACKOFF,0.00000
38.528,0.559,0.167,BACKOFF,0.00000
38.568,0.229,0.168,BACKOFF,0.00000
38.610,0.094,0.169,BACKOFF,0.00000
38.652,0.039,0.165,BACKOFF,0.00000
38.693,0.016,0.166,BACKOFF,0.00000
38.739,0.007,0.166,BACKOFF,0.00000
38.781,0.003,0.167,BACKOFF,0.00000
38.822,0.001,0.168,BACKOFF,0.00000
38.863,0.001,0.169,APPROACH,0.00033
38.903,0.000,0.165,APPROACH,0.00067
38.944,0.000,0.166,APPROACH,0.00100
38.985,0.000,0.167,APPROACH,0.00133
39.029,0.000,0.167,APPROACH,0.00167
39.069,0.000,0.168,APPROACH,0.00200
39.110,0.000,0.168,APPROACH,0.00233
39.151,0.000,0.170,APPROACH,0.00267
39.193,0.000,0.169,APPROACH,0.00300
39.234,0.000,0.168,APPROACH,0.00333
39.274,0.000,0.166,APPROACH,0.00367
39.317,0.000,0.165,APPROACH,0.00400
39.359,0.000,0.163,APPROACH,0.00433
39.400,0.000,0.168,APPROACH,0.00467
39.442,0.000,0.167,APPROACH,0.00500
39.483,0.000,0.167,APPROACH,0.00533
39.524,0.000,0.167,APPROACH,0.00567
39.564,0.000,0.166,APPROACH,0.00600
39.608,0.000,0.166,APPROACH,0.00633
39.650,0.000,0.168,APPROACH,0.00667
39.691,0.000,0.168,APPROACH,0.00700
39.733,0.000,0.167,APPROACH,0.00733
39.774,0.000,0.166,APPROACH,0.00767
39.819,0.000,0.166,APPROACH,0.00800
39.862,0.000,0.165,APPROACH,0.00833
39.903,1.035,0.169,APPROACH,0.00863
39.944,2.134,0.168,CONTACT,0.00889
39.986,2.578,0.167,CONTACT,0.00914
40.028,2.754,0.166,CONTACT,0.00938
40.069,3.318,0.166,CONTACT,0.00961
40.111,4.776,0.165,CONTACT,0.00978
40.152,6.425,0.200,APPROACH,0.00878
40.234,1.338,0.200,APPROACH,0.00778
40.315,0.281,0.200,APPROACH,0.00678
40.397,0.047,0.200,APPROACH,0.00578
40.477,0.010,0.200,APPROACH,0.00478
40.558,0.002,0.200,APPROACH,0.00378
40.638,0.000,0.200,APPROACH,0.00278
40.718,0.000,0.200,APPROACH,0.00178
40.798,0.000,0.200,APPROACH,0.00078
40.878,0.000,0.200,APPROACH,0.00000
40.958,0.000,0.200,APPROACH,0.00000
41.022,0.000,0.200,APPROACH,0.00000
41.086,0.000,0.200,APPROACH,0.00000
41.150,0.000,0.200,APPROACH,0.00000
41.214,0.000,0.200,APPROACH,0.00000
41.277,0.000,0.200,APPROACH,0.00000
41.341,0.000,0.200,APPROACH,0.00000
41.405,0.000,0.200,APPROACH,0.00000
41.468,0.000,0.200,APPROACH,0.00000
41.531,0.000,0.200,APPROACH,0.00000
41.595,0.000,0.200,APPROACH,0.00000
41.658,0.000,0.200,APPROACH,0.00000
41.720,0.000,0.200,APPROACH,0.00000
41.785,0.000,0.200,APPROACH,0.00000
41.847,0.000,0.200,APPROACH,0.00000
41.911,0.000,0.200,APPROACH,0.00000
41.975,0.000,0.200,APPROACH,0.00000
42.037,0.000,0.200,APPROACH,0.00000
42.102,0.000,0.200,APPROACH,0.00000
42.182,0.000,0.200,APPROACH,0.00000
42.262,0.000,0.200,APPROACH,0.00000
42.342,0.000,0.200,APPROACH,0.00000
42.423,0.000,0.200,APPROACH,0.00000
42.503,0.000,0.200,APPROACH,0.00000
42.584,0.000,0.200,APPROACH,0.00000
42.664,0.000,0.200,APPROACH,0.00000
42.745,0.000,0.200,APPROACH,0.00000
42.881,0.000,0.000,APPROACH,0.00000
42.931,0.000,0.000,APPROACH,0.00040
42.983,0.000,0.000,APPROACH,0.00080
43.035,0.000,0.000,APPROACH,0.00120
43.086,0.000,0.000,APPROACH,0.00160
43.137,0.000,0.000,APPROACH,0.00200
43.189,0.000,0.000,APPROACH,0.00240
43.241,0.000,0.000,APPROACH,0.00280
43.293,0.000,0.000,APPROACH,0.00320
43.345,0.000,0.000,APPROACH,0.00360
43.396,0.000,0.000,APPROACH,0.00400
43.447,0.000,0.000,APPROACH,0.00440
43.499,0.000,0.000,APPROACH,0.00480
43.551,0.000,0.000,APPROACH,0.00520
43.603,0.000,0.000,APPROACH,0.00560
43.656,0.000,0.000,APPROACH,0.00600
43.706,0.000,0.000,APPROACH,0.00640
43.757,0.000,0.000,APPROACH,0.00680
43.807,0.000,0.000,APPROACH,0.00720
43.858,0.000,0.000,APPROACH,0.00760
43.910,0.000,0.000,APPROACH,0.00800
43.962,0.999,0.000,APPROACH,0.00840
44.014,2.232,0.000,APPROACH,0.00880
44.014,2.232,0.200,CONTACT,0.00906
44.097,2.733,0.165,CONTACT,0.00930
44.138,3.318,0.166,CONTACT,0.00952
44.179,4.642,0.166,CONTACT,0.00970
44.221,6.173,0.167,CONTACT,0.00983
44.262,7.587,0.168,CONTACT,0.00991
44.304,8.474,0.169,CONTACT,0.00996
44.346,9.183,0.165,CONTACT,0.00999
44.387,10.092,0.166,CONTACT,0.00999
44.428,10.565,0.166,CONTACT,0.00997
44.471,10.809,0.167,CONTACT,0.00994
44.514,10.856,0.168,CONTACT,0.00991
44.555,10.787,0.168,CONTACT,0.00988
44.597,10.576,0.166,CONTACT,0.00987
44.639,10.355,0.166,CONTACT,0.00985
44.680,10.232,0.167,CONTACT,0.00985
44.720,10.173,0.167,CONTACT,0.00984
44.761,10.141,0.167,CONTACT,0.00984
44.803,10.074,0.168,CONTACT,0.00983
44.846,9.947,0.200,CONTACT,0.00984
44.887,4.408,0.200,APPROACH,0.00884
44.928,1.806,0.200,APPROACH,0.00784
44.969,1.156,0.200,APPROACH,0.00684
45.011,0.379,0.200,APPROACH,0.00584
45.052,0.155,0.199,APPROACH,0.00484
45.093,0.064,0.199,APPROACH,0.00384
45.134,0.026,0.199,APPROACH,0.00284
45.177,0.011,0.199,APPROACH,0.00184
45.217,0.004,0.199,APPROACH,0.00084
45.259,0.002,0.199,APPROACH,0.00000
45.301,0.001,0.199,APPROACH,0.00000
45.342,0.000,0.199,APPROACH,0.00000
45.383,0.000,0.199,APPROACH,0.00000
45.425,0.000,0.199,APPROACH,0.00000
45.465,0.000,0.200,APPROACH,0.00000
45.507,0.000,0.186,APPROACH,0.00000
45.549,0.001,0.172,APPROACH,0.00000
45.590,0.002,0.157,APPROACH,0.00000
45.632,0.005,0.142,APPROACH,0.00000
45.674,0.010,0.127,APPROACH,0.00000
45.715,0.016,0.112,APPROACH,0.00000
45.756,0.023,0.097,APPROACH,0.00000
45.798,0.031,0.083,APPROACH,0.00000
45.840,0.041,0.070,APPROACH,0.00000
45.883,0.051,0.059,APPROACH,0.00000
45.924,0.063,0.052,APPROACH,0.00000
45.964,0.073,0.051,APPROACH,0.00000
46.007,0.082,0.055,APPROACH,0.00000
46.048,0.090,0.064,APPROACH,0.00000
46.091,0.097,0.075,APPROACH,0.00000
46.131,0.105,0.088,APPROACH,0.00000
46.173,0.112,0.102,APPROACH,0.00000
46.214,0.122,0.116,APPROACH,0.00000
46.255,0.128,0.130,APPROACH,0.00000
46.295,0.134,0.144,APPROACH,0.00000
46.337,0.140,0.158,APPROACH,0.00000
46.379,0.146,0.171,APPROACH,0.00000
46.421,0.152,0.183,APPROACH,0.00000
46.465,0.158,0.195,APPROACH,0.00000
46.505,0.167,0.200,APPROACH,0.00000
46.547,0.170,0.200,APPROACH,0.00000
46.592,0.174,0.200,APPROACH,0.00000
46.638,0.176,0.200,APPROACH,0.00000
46.686,0.155,0.200,APPROACH,0.00000
46.736,0.124,0.200,APPROACH,0.00000
46.782,0.100,0.200,APPROACH,0.00000
46.827,0.077,0.200,APPROACH,0.00000
46.871,0.057,0.200,APPROACH,0.00000
46.915,0.040,0.200,APPROACH,0.00000
46.959,0.034,0.200,APPROACH,0.00000
47.003,0.036,0.200,APPROACH,0.00000
47.046,0.040,0.200,APPROACH,0.00000
47.089,0.043,0.200,APPROACH,0.00000
47.131,0.049,0.200,APPROACH,0.00000
47.174,0.055,0.200,APPROACH,0.00000
47.216,0.060,0.200,APPROACH,0.00000
47.258,0.066,0.200,APPROACH,0.00000
47.300,0.068,0.200,APPROACH,0.00000
47.393,0.064,0.000,APPROACH,0.00000
47.444,0.063,0.000,APPROACH,0.00040
47.496,0.063,0.000,APPROACH,0.00080
47.547,0.063,0.000,APPROACH,0.00120
47.600,0.063,0.000,APPROACH,0.00160
47.651,0.063,0.000,APPROACH,0.00200
47.703,0.063,0.000,APPROACH,0.00240
47.755,0.063,0.000,APPROACH,0.00280
47.806,0.063,0.000,APPROACH,0.00320
47.857,0.063,0.000,APPROACH,0.00360
47.908,0.063,0.000,APPROACH,0.00400
47.960,0.063,0.000,APPROACH,0.00440
48.012,0.063,0.000,APPROACH,0.00480
48.063,0.063,0.000,APPROACH,0.00520
48.115,0.063,0.000,APPROACH,0.00560
48.167,0.063,0.000,APPROACH,0.00600
48.218,0.063,0.000,APPROACH,0.00640
48.269,0.063,0.000,APPROACH,0.00680
48.321,0.063,0.000,APPROACH,0.00720
48.373,0.063,0.000,APPROACH,0.00760
48.425,0.063,0.000,APPROACH,0.00800
48.478,0.063,0.000,APPROACH,0.00840
48.528,0.063,0.000,APPROACH,0.00880
48.579,0.063,0.000,APPROACH,0.00920
48.631,0.063,0.000,APPROACH,0.00960
48.683,0.063,0.000,APPROACH,0.01000
48.735,0.063,0.000,APPROACH,0.01040
48.787,0.063,0.000,APPROACH,0.01080
48.838,0.063,0.000,APPROACH,0.01120
48.889,0.063,0.000,APPROACH,0.01160
48.941,0.063,0.000,APPROACH,0.01200
48.993,0.063,0.000,APPROACH,0.01240
49.045,0.063,0.000,APPROACH,0.01280
49.097,0.063,0.000,APPROACH,0.01320
49.148,0.063,0.000,APPROACH,0.01360
49.199,0.063,0.000,APPROACH,0.01400
49.250,0.082,0.000,APPROACH,0.01440
49.300,0.104,0.000,APPROACH,0.01480
49.352,0.112,0.000,APPROACH,0.01520
49.404,0.801,0.000,APPROACH,0.01560
49.456,3.020,0.000,APPROACH,0.01600
49.456,3.020,0.150,CONTACT,0.01600
49.510,5.546,0.000,CONTACT,0.01600
49.563,6.681,0.150,CONTACT,0.01598
49.615,7.841,0.150,CONTACT,0.01592
49.667,9.025,0.150,CONTACT,0.01582
49.719,9.395,0.150,CONTACT,0.01570
49.769,8.479,0.150,CONTACT,0.01562
49.821,7.518,0.150,CONTACT,0.01557
49.874,7.422,0.150,CONTACT,0.01552
49.925,7.158,0.150,CONTACT,0.01548
49.975,6.019,0.150,CONTACT,0.01548
50.027,5.595,0.150,CONTACT,0.01550
50.078,6.016,0.150,CONTACT,0.01550
50.128,6.243,0.150,CONTACT,0.01549
50.178,5.516,0.150,CONTACT,0.01550
50.230,5.300,0.150,CONTACT,0.01553
50.281,5.763,0.150,CONTACT,0.01553
50.331,6.275,0.150,CONTACT,0.01553
50.382,5.652,0.200,APPROACH,0.01453
50.424,2.360,0.200,APPROACH,0.01353
50.468,1.229,0.200,APPROACH,0.01253
50.512,0.519,0.200,APPROACH,0.01153
50.556,0.215,0.200,APPROACH,0.01053
50.602,0.079,0.200,APPROACH,0.00953
50.647,0.045,0.200,APPROACH,0.00853
50.692,0.042,0.200,APPROACH,0.00753
50.739,0.048,0.200,APPROACH,0.00653
50.786,0.061,0.200,APPROACH,0.00553
50.833,0.075,0.200,APPROACH,0.00453
50.880,0.087,0.200,APPROACH,0.00353
50.928,0.100,0.170,APPROACH,0.00253
50.970,0.099,0.170,APPROACH,0.00153
51.012,0.092,0.170,APPROACH,0.00053
51.053,0.084,0.170,APPROACH,0.00000
51.094,0.074,0.170,APPROACH,0.00000
51.136,0.061,0.170,APPROACH,0.00000
51.178,0.047,0.170,APPROACH,0.00000
51.220,0.034,0.170,APPROACH,0.00000
51.262,0.020,0.171,APPROACH,0.00000
51.302,0.012,0.171,APPROACH,0.00000
51.343,0.005,0.171,APPROACH,0.00000
51.385,0.002,0.171,APPROACH,0.00000
51.427,0.001,0.171,APPROACH,0.00000
51.469,0.001,0.171,APPROACH,0.00000
51.511,0.001,0.171,APPROACH,0.00000
51.553,0.001,0.171,APPROACH,0.00000
51.594,0.001,0.171,APPROACH,0.00000
51.635,0.001,0.172,APPROACH,0.00000
51.677,0.001,0.172,APPROACH,0.00000
51.719,0.001,0.172,APPROACH,0.00000
51.761,0.001,0.200,APPROACH,0.00000
51.809,0.004,0.200,APPROACH,0.00000
51.857,0.012,0.200,APPROACH,0.00000
51.904,0.022,0.200,APPROACH,0.00000
51.950,0.031,0.200,APPROACH,0.00000
51.996,0.043,0.200,APPROACH,0.00000
52.042,0.053,0.200,APPROACH,0.00000
52.088,0.066,0.200,APPROACH,0.00000
52.134,0.076,0.200,APPROACH,0.00000
52.178,0.085,0.200,APPROACH,0.00000
52.223,0.088,0.200,APPROACH,0.00000
52.317,0.095,0.000,APPROACH,0.00000
52.368,0.104,0.000,APPROACH,0.00040
52.422,0.110,0.000,APPROACH,0.00080
52.473,0.113,0.000,APPROACH,0.00120
52.524,0.114,0.000,APPROACH,0.00160
52.575,0.115,0.000,APPROACH,0.00200
52.626,0.116,0.000,APPROACH,0.00240
52.676,0.117,0.000,APPROACH,0.00280
52.727,0.117,0.000,APPROACH,0.00320
52.779,0.117,0.000,APPROACH,0.00360
52.831,0.117,0.000,APPROACH,0.00400
52.883,0.117,0.000,APPROACH,0.00440
52.933,0.117,0.000,APPROACH,0.00480
52.985,0.117,0.000,APPROACH,0.00520
53.036,0.117,0.000,APPROACH,0.00560
53.087,0.117,0.000,APPROACH,0.00600
53.137,0.117,0.000,APPROACH,0.00640
53.188,0.117,0.000,APPROACH,0.00680
53.238,0.117,0.000,APPROACH,0.00720
53.289,0.117,0.000,APPROACH,0.00760
53.341,0.117,0.000,APPROACH,0.00800
53.393,0.117,0.000,APPROACH,0.00840
53.445,0.117,0.000,APPROACH,0.00880
53.498,0.117,0.000,APPROACH,0.00920
53.548,0.117,0.000,APPROACH,0.00960
53.599,0.117,0.000,APPROACH,0.01000
53.651,0.117,0.000,APPROACH,0.01040
53.703,0.117,0.000,APPROACH,0.01080
53.755,0.117,0.000,APPROACH,0.01120
53.807,0.117,0.000,APPROACH,0.01160
53.858,0.117,0.000,APPROACH,0.01200
53.909,0.117,0.000,APPROACH,0.01240
53.960,0.117,0.000,APPROACH,0.01280
54.012,0.117,0.000,APPROACH,0.01320
54.064,0.117,0.000,APPROACH,0.01360
54.116,0.117,0.000,APPROACH,0.01400
54.167,0.129,0.000,APPROACH,0.01440
54.218,0.161,0.000,APPROACH,0.01480
54.269,0.172,0.000,APPROACH,0.01520
54.320,0.868,0.000,APPROACH,0.01560
54.372,3.050,0.000,APPROACH,0.01600
54.373,3.050,0.150,CONTACT,0.01600
54.430,5.392,0.150,CONTACT,0.01600
54.480,6.803,0.150,CONTACT,0.01597
54.531,8.432,0.150,CONTACT,0.01589
54.582,9.218,0.150,CONTACT,0.01578
54.633,8.353,0.150,CONTACT,0.01571
54.683,7.700,0.150,CONTACT,0.01565
54.734,7.700,0.150,CONTACT,0.01559
54.785,7.654,0.150,CONTACT,0.01554
54.838,6.606,0.150,CONTACT,0.01552
54.888,5.980,0.150,CONTACT,0.01552
54.939,6.240,0.150,CONTACT,0.01551
54.991,6.591,0.150,CONTACT,0.01549
55.043,5.958,0.150,CONTACT,0.01549
55.093,5.670,0.150,CONTACT,0.01550
55.145,6.091,0.150,CONTACT,0.01550
55.198,6.569,0.150,CONTACT,0.01548
55.249,6.063,0.150,CONTACT,0.01548
55.301,5.328,0.150,CONTACT,0.01550
55.353,5.385,0.150,CONTACT,0.01552
55.403,5.603,0.150,CONTACT,0.01554
55.456,5.456,0.150,CONTACT,0.01555
55.508,5.551,0.150,CONTACT,0.01557
55.560,6.423,0.150,CONTACT,0.01555
55.611,6.875,0.150,CONTACT,0.01553
55.660,6.362,0.150,CONTACT,0.01551
55.712,6.040,0.150,CONTACT,0.01551
55.765,6.422,0.150,CONTACT,0.01550
55.815,6.619,0.150,CONTACT,0.01548
55.865,6.013,0.150,CONTACT,0.01548
55.917,5.599,0.150,CONTACT,0.01549
55.970,5.986,0.150,CONTACT,0.01549
56.021,6.252,0.150,CONTACT,0.01548
56.072,5.809,0.150,CONTACT,0.01549
56.125,5.525,0.150,CONTACT,0.01550
56.175,5.914,0.150,CONTACT,0.01551
56.227,6.156,0.150,CONTACT,0.01550
56.277,5.725,0.200,APPROACH,0.01450
56.321,2.420,0.200,APPROACH,0.01350
56.365,1.047,0.200,APPROACH,0.01250
56.409,0.399,0.200,APPROACH,0.01150
56.453,0.281,0.200,APPROACH,0.01050
56.498,0.151,0.200,APPROACH,0.00950
56.544,0.077,0.200,APPROACH,0.00850
56.591,0.041,0.200,APPROACH,0.00750
56.637,0.020,0.200,APPROACH,0.00650
56.684,0.020,0.200,APPROACH,0.00550
56.732,0.029,0.200,APPROACH,0.00450
56.779,0.041,0.200,APPROACH,0.00350
56.827,0.053,0.171,APPROACH,0.00250
56.869,0.061,0.171,APPROACH,0.00150
56.911,0.066,0.170,APPROACH,0.00050
56.954,0.069,0.170,APPROACH,0.00000
56.994,0.062,0.170,APPROACH,0.00000
57.037,0.054,0.170,APPROACH,0.00000
57.079,0.043,0.170,APPROACH,0.00000
57.121,0.031,0.170,APPROACH,0.00000
57.163,0.018,0.170,APPROACH,0.00000
57.205,0.010,0.170,APPROACH,0.00000
57.246,0.005,0.169,APPROACH,0.00000
57.287,0.003,0.169,APPROACH,0.00000
57.330,0.002,0.169,APPROACH,0.00000
57.370,0.001,0.169,APPROACH,0.00000
57.412,0.001,0.169,APPROACH,0.00000
57.454,0.001,0.169,APPROACH,0.00000
57.496,0.001,0.169,APPROACH,0.00000
57.537,0.002,0.169,APPROACH,0.00000
57.578,0.002,0.169,APPROACH,0.00000
57.621,0.003,0.169,APPROACH,0.00000
57.661,0.003,0.200,APPROACH,0.00000
57.710,0.003,0.200,APPROACH,0.00000
57.757,0.007,0.200,APPROACH,0.00000
57.806,0.015,0.200,APPROACH,0.00000
57.852,0.026,0.200,APPROACH,0.00000
57.900,0.035,0.200,APPROACH,0.00000
57.946,0.047,0.200,APPROACH,0.00000
57.992,0.057,0.200,APPROACH,0.00000
58.036,0.070,0.200,APPROACH,0.00000
58.081,0.078,0.200,APPROACH,0.00000
58.125,0.080,0.200,APPROACH,0.00000
58.219,0.074,0.000,APPROACH,0.00000
58.274,0.073,0.000,APPROACH,0.00040
58.325,0.073,0.000,APPROACH,0.00080
58.378,0.073,0.000,APPROACH,0.00120
58.429,0.073,0.000,APPROACH,0.00160
58.481,0.073,0.000,APPROACH,0.00200
58.533,0.073,0.000,APPROACH,0.00240
58.585,0.073,0.000,APPROACH,0.00280
58.635,0.073,0.000,APPROACH,0.00320
58.687,0.073,0.000,APPROACH,0.00360
58.738,0.073,0.000,APPROACH,0.00400
58.789,0.073,0.000,APPROACH,0.00440
58.841,0.073,0.000,APPROACH,0.00480
58.893,0.073,0.000,APPROACH,0.00520
58.945,0.073,0.000,APPROACH,0.00560
58.997,0.073,0.000,APPROACH,0.00600
59.048,0.073,0.000,APPROACH,0.00640
59.099,0.073,0.000,APPROACH,0.00680
59.151,0.073,0.000,APPROACH,0.00720
59.203,0.073,0.000,APPROACH,0.00760
59.255,0.073,0.000,APPROACH,0.00800
59.307,0.073,0.000,APPROACH,0.00840
59.357,0.073,0.000,APPROACH,0.00880
59.408,0.073,0.000,APPROACH,0.00920
59.459,0.073,0.000,APPROACH,0.00960
59.511,0.073,0.000,APPROACH,0.01000
59.563,0.073,0.000,APPROACH,0.01040
59.615,0.073,0.000,APPROACH,0.01080
59.667,0.073,0.000,APPROACH,0.01120
59.718,0.073,0.000,APPROACH,0.01160
59.770,0.073,0.000,APPROACH,0.01200
59.822,0.073,0.000,APPROACH,0.01240
59.874,0.073,0.000,APPROACH,0.01280
59.924,0.073,0.000,APPROACH,0.01320
59.976,0.073,0.000,APPROACH,0.01360
60.027,0.073,0.000,APPROACH,0.01400
60.077,0.080,0.000,APPROACH,0.01440
60.129,0.099,0.000,APPROACH,0.01480
60.180,0.105,0.000,APPROACH,0.01520
60.231,0.783,0.000,APPROACH,0.01560
60.282,2.973,0.000,APPROACH,0.01600
60.282,2.973,0.150,CONTACT,0.01600
60.340,4.991,0.150,CONTACT,0.01600
60.390,7.134,0.150,CONTACT,0.01596
60.442,8.638,0.150,CONTACT,0.01587
60.494,9.083,0.150,CONTACT,0.01577
60.545,8.381,0.150,CONTACT,0.01569
60.595,7.754,0.150,CONTACT,0.01563
60.646,7.731,0.150,CONTACT,0.01558
60.697,7.584,0.150,CONTACT,0.01552
60.750,6.684,0.150,CONTACT,0.01550
60.800,6.113,0.150,CONTACT,0.01550
60.850,6.356,0.150,CONTACT,0.01548
60.903,6.492,0.150,CONTACT,0.01547
60.955,6.026,0.150,CONTACT,0.01547
61.005,5.820,0.150,CONTACT,0.01547
61.056,6.241,0.150,CONTACT,0.01547
61.109,6.453,0.150,CONTACT,0.01545
61.161,6.202,0.150,CONTACT,0.01544
61.212,5.607,0.150,CONTACT,0.01546
61.263,5.460,0.150,CONTACT,0.01547
61.315,5.474,0.150,CONTACT,0.01549
61.366,5.051,0.150,CONTACT,0.01552
61.417,5.165,0.150,CONTACT,0.01555
61.469,6.076,0.150,CONTACT,0.01555
61.519,6.705,0.150,CONTACT,0.01553
61.569,6.463,0.150,CONTACT,0.01551
61.621,6.224,0.150,CONTACT,0.01550
61.673,6.505,0.150,CONTACT,0.01549
61.724,6.574,0.150,CONTACT,0.01547
61.776,6.167,0.150,CONTACT,0.01546
61.828,5.816,0.150,CONTACT,0.01547
61.880,6.050,0.150,CONTACT,0.01547
61.930,6.204,0.150,CONTACT,0.01546
61.981,5.598,0.150,CONTACT,0.01547
62.033,5.435,0.150,CONTACT,0.01549
62.084,5.926,0.150,CONTACT,0.01549
62.135,6.127,0.150,CONTACT,0.01549
62.185,5.432,0.200,APPROACH,0.01449
62.228,2.826,0.200,APPROACH,0.01349
62.273,1.188,0.200,APPROACH,0.01249
62.317,0.510,0.200,APPROACH,0.01149
62.363,0.187,0.200,APPROACH,0.01049
62.409,0.086,0.200,APPROACH,0.00949
62.454,0.039,0.200,APPROACH,0.00849
62.501,0.018,0.200,APPROACH,0.00749
62.548,0.006,0.200,APPROACH,0.00649
62.597,0.002,0.200,APPROACH,0.00549
62.645,0.006,0.200,APPROACH,0.00449
62.693,0.015,0.200,APPROACH,0.00349
62.741,0.023,0.168,APPROACH,0.00249
62.782,0.032,0.168,APPROACH,0.00149
62.823,0.036,0.168,APPROACH,0.00049
62.865,0.038,0.168,APPROACH,0.00000
62.907,0.039,0.168,APPROACH,0.00000
62.950,0.039,0.168,APPROACH,0.00000
62.992,0.032,0.168,APPROACH,0.00000
63.033,0.021,0.168,APPROACH,0.00000
63.074,0.012,0.168,APPROACH,0.00000
63.116,0.005,0.169,APPROACH,0.00000
63.158,0.002,0.169,APPROACH,0.00000
63.201,0.001,0.169,APPROACH,0.00000
63.243,0.001,0.169,APPROACH,0.00000
63.284,0.001,0.169,APPROACH,0.00000
63.325,0.000,0.169,APPROACH,0.00000
63.366,0.000,0.169,APPROACH,0.00000
63.408,0.000,0.170,APPROACH,0.00000
63.451,0.001,0.170,APPROACH,0.00000
63.492,0.001,0.170,APPROACH,0.00000
63.534,0.002,0.170,APPROACH,0.00000
63.575,0.003,0.200,APPROACH,0.00000
63.625,0.002,0.200,APPROACH,0.00000
63.672,0.006,0.200,APPROACH,0.00000
63.720,0.013,0.200,APPROACH,0.00000
63.767,0.023,0.200,APPROACH,0.00000
63.813,0.029,0.200,APPROACH,0.00000
63.859,0.034,0.200,APPROACH,0.00000
63.907,0.036,0.200,APPROACH,0.00000
63.955,0.037,0.200,APPROACH,0.00000
64.000,0.036,0.200,APPROACH,0.00000
64.044,0.031,0.200,APPROACH,0.00000
64.138,0.019,0.000,APPROACH,0.00000
64.189,0.018,0.000,APPROACH,0.00040
64.241,0.017,0.000,APPROACH,0.00080
64.292,0.017,0.000,APPROACH,0.00120
64.343,0.017,0.000,APPROACH,0.00160
64.394,0.017,0.000,APPROACH,0.00200
64.446,0.017,0.000,APPROACH,0.00240
64.498,0.017,0.000,APPROACH,0.00280
64.550,0.017,0.000,APPROACH,0.00320
64.602,0.017,0.000,APPROACH,0.00360
64.653,0.017,0.000,APPROACH,0.00400
64.704,0.017,0.000,APPROACH,0.00440
64.756,0.017,0.000,APPROACH,0.00480
64.808,0.017,0.000,APPROACH,0.00520
64.860,0.017,0.000,APPROACH,0.00560
64.912,0.017,0.000,APPROACH,0.00600
64.963,0.017,0.000,APPROACH,0.00640
65.014,0.017,0.000,APPROACH,0.00680
65.065,0.017,0.000,APPROACH,0.00720
65.117,0.017,0.000,APPROACH,0.00760
65.169,0.017,0.000,APPROACH,0.00800
65.220,0.017,0.000,APPROACH,0.00840
65.272,0.017,0.000,APPROACH,0.00880
65.324,0.017,0.000,APPROACH,0.00920
65.375,0.017,0.000,APPROACH,0.00960
65.426,0.017,0.000,APPROACH,0.01000
65.478,0.017,0.000,APPROACH,0.01040
65.530,0.017,0.000,APPROACH,0.01080
65.582,0.017,0.000,APPROACH,0.01120
65.634,0.017,0.000,APPROACH,0.01160
65.685,0.017,0.000,APPROACH,0.01200
65.736,0.017,0.000,APPROACH,0.01240
65.788,0.017,0.000,APPROACH,0.01280
65.839,0.017,0.000,APPROACH,0.01320
65.891,0.017,0.000,APPROACH,0.01360
65.943,0.017,0.000,APPROACH,0.01400
65.995,0.019,0.000,APPROACH,0.01440
66.046,0.025,0.000,APPROACH,0.01480
66.097,0.027,0.000,APPROACH,0.01520
66.149,0.665,0.000,APPROACH,0.01560
66.201,2.835,0.000,APPROACH,0.01600
66.202,2.835,0.150,CONTACT,0.01600
66.258,5.259,0.150,CONTACT,0.01600
66.308,7.068,0.150,CONTACT,0.01596
66.361,8.628,0.150,CONTACT,0.01588
66.413,9.198,0.150,CONTACT,0.01577
66.465,8.418,0.150,CONTACT,0.01569
66.515,7.569,0.150,CONTACT,0.01564
66.565,7.588,0.150,CONTACT,0.01558
66.617,7.527,0.150,CONTACT,0.01553
66.669,6.920,0.150,CONTACT,0.01550
66.721,6.353,0.150,CONTACT,0.01549
66.772,6.506,0.150,CONTACT,0.01547
66.823,6.507,0.150,CONTACT,0.01546
66.874,6.124,0.150,CONTACT,0.01545
66.924,5.921,0.150,CONTACT,0.01546
66.976,6.272,0.150,CONTACT,0.01545
67.027,6.413,0.150,CONTACT,0.01543
67.082,5.718,0.150,CONTACT,0.01544
67.133,5.184,0.150,CONTACT,0.01547
67.184,5.238,0.150,CONTACT,0.01549
67.235,5.423,0.150,CONTACT,0.01551
67.290,5.088,0.150,CONTACT,0.01554
67.342,5.188,0.150,CONTACT,0.01557
67.392,6.191,0.150,CONTACT,0.01557
67.443,6.871,0.150,CONTACT,0.01554
67.494,6.334,0.150,CONTACT,0.01553
67.546,5.961,0.150,CONTACT,0.01553
67.598,6.534,0.150,CONTACT,0.01551
67.648,6.755,0.150,CONTACT,0.01548
67.699,5.916,0.150,CONTACT,0.01549
67.751,5.524,0.150,CONTACT,0.01550
67.802,6.091,0.150,CONTACT,0.01550
67.854,6.376,0.150,CONTACT,0.01549
67.904,5.674,0.150,CONTACT,0.01550
67.955,5.312,0.150,CONTACT,0.01552
68.007,5.938,0.150,CONTACT,0.01552
68.058,6.325,0.150,CONTACT,0.01551
68.110,5.723,0.200,APPROACH,0.01451
68.156,2.611,0.200,APPROACH,0.01351
68.200,1.071,0.200,APPROACH,0.01251
68.244,0.439,0.200,APPROACH,0.01151
68.288,0.180,0.200,APPROACH,0.01051
68.334,0.059,0.200,APPROACH,0.00951
68.379,0.030,0.200,APPROACH,0.00851
68.426,0.010,0.200,APPROACH,0.00751
68.472,0.004,0.200,APPROACH,0.00651
68.520,0.002,0.200,APPROACH,0.00551
68.568,0.001,0.200,APPROACH,0.00451
68.615,0.001,0.200,APPROACH,0.00351
68.664,0.001,0.170,APPROACH,0.00251
68.706,0.002,0.170,APPROACH,0.00151
68.748,0.003,0.169,APPROACH,0.00051
68.789,0.004,0.169,APPROACH,0.00000
68.832,0.005,0.169,APPROACH,0.00000
68.873,0.006,0.169,APPROACH,0.00000
68.914,0.007,0.168,APPROACH,0.00000
68.956,0.008,0.168,APPROACH,0.00000
68.998,0.008,0.168,APPROACH,0.00000
69.039,0.008,0.168,APPROACH,0.00000
69.080,0.007,0.168,APPROACH,0.00000
69.122,0.006,0.168,APPROACH,0.00000
69.163,0.005,0.168,APPROACH,0.00000
69.205,0.003,0.168,APPROACH,0.00000
69.246,0.002,0.168,APPROACH,0.00000
69.288,0.001,0.168,APPROACH,0.00000
69.329,0.001,0.168,APPROACH,0.00000
69.371,0.002,0.168,APPROACH,0.00000
69.412,0.003,0.168,APPROACH,0.00000
69.455,0.004,0.168,APPROACH,0.00000
69.496,0.006,0.200,APPROACH,0.00000
69.545,0.007,0.200,APPROACH,0.00000
69.594,0.008,0.200,APPROACH,0.00000
69.641,0.008,0.200,APPROACH,0.00000
69.689,0.007,0.200,APPROACH,0.00000
69.736,0.007,0.200,APPROACH,0.00000
69.783,0.006,0.200,APPROACH,0.00000
69.830,0.005,0.200,APPROACH,0.00000
69.876,0.003,0.200,APPROACH,0.00000
69.922,0.002,0.200,APPROACH,0.00000
69.965,0.001,0.200,APPROACH,0.00000
70.060,0.001,0.000,APPROACH,0.00000
70.112,0.001,0.000,APPROACH,0.00040
70.163,0.001,0.000,APPROACH,0.00080
70.214,0.001,0.000,APPROACH,0.00120
70.264,0.001,0.000,APPROACH,0.00160
70.316,0.001,0.000,APPROACH,0.00200
70.368,0.001,0.000,APPROACH,0.00240
70.420,0.001,0.000,APPROACH,0.00280
70.472,0.001,0.000,APPROACH,0.00320
70.523,0.001,0.000,APPROACH,0.00360
70.574,0.001,0.000,APPROACH,0.00400
70.626,0.001,0.000,APPROACH,0.00440
70.677,0.001,0.000,APPROACH,0.00480
70.730,0.001,0.000,APPROACH,0.00520
70.781,0.001,0.000,APPROACH,0.00560
70.832,0.001,0.000,APPROACH,0.00600
70.884,0.001,0.000,APPROACH,0.00640
70.935,0.001,0.000,APPROACH,0.00680
70.986,0.001,0.000,APPROACH,0.00720
71.038,0.001,0.000,APPROACH,0.00760
71.090,0.001,0.000,APPROACH,0.00800
71.142,0.001,0.000,APPROACH,0.00840
71.194,0.001,0.000,APPROACH,0.00880
71.245,0.001,0.000,APPROACH,0.00920
71.296,0.001,0.000,APPROACH,0.00960
71.348,0.001,0.000,APPROACH,0.01000
71.400,0.001,0.000,APPROACH,0.01040
71.452,0.001,0.000,APPROACH,0.01080
71.504,0.001,0.000,APPROACH,0.01120
71.555,0.001,0.000,APPROACH,0.01160
71.606,0.001,0.000,APPROACH,0.01200
71.658,0.001,0.000,APPROACH,0.01240
71.710,0.001,0.000,APPROACH,0.01280
71.761,0.001,0.000,APPROACH,0.01320
71.813,0.001,0.000,APPROACH,0.01360
71.865,0.001,0.000,APPROACH,0.01400
71.916,0.001,0.000,APPROACH,0.01440
71.967,0.001,0.000,APPROACH,0.01480
72.018,0.001,0.000,APPROACH,0.01520
72.069,0.621,0.000,APPROACH,0.01560
72.121,2.845,0.000,APPROACH,0.01600
72.122,2.845,0.150,CONTACT,0.01600
72.179,5.301,0.150,CONTACT,0.01600
72.229,7.164,0.150,CONTACT,0.01596
72.280,8.712,0.150,CONTACT,0.01587
72.332,9.230,0.150,CONTACT,0.01576
72.384,8.372,0.150,CONTACT,0.01568
72.435,7.623,0.150,CONTACT,0.01563
72.485,7.687,0.150,CONTACT,0.01557
72.536,7.567,0.150,CONTACT,0.01552
72.588,6.538,0.150,CONTACT,0.01550
72.639,5.926,0.150,CONTACT,0.01551
72.691,6.335,0.150,CONTACT,0.01549
72.742,6.574,0.150,CONTACT,0.01548
72.793,5.809,0.150,CONTACT,0.01548
72.846,5.435,0.150,CONTACT,0.01550
72.897,6.062,0.150,CONTACT,0.01550
72.949,6.553,0.150,CONTACT,0.01548
73.001,5.997,0.150,CONTACT,0.01548
73.054,5.288,0.150,CONTACT,0.01550
73.105,5.391,0.150,CONTACT,0.01552
73.157,5.742,0.150,CONTACT,0.01553
73.208,5.405,0.150,CONTACT,0.01555
73.261,5.612,0.150,CONTACT,0.01557
73.312,6.279,0.150,CONTACT,0.01556
73.363,6.893,0.150,CONTACT,0.01553
73.415,6.280,0.150,CONTACT,0.01552
73.466,5.895,0.150,CONTACT,0.01552
73.518,6.243,0.150,CONTACT,0.01551
73.570,6.659,0.150,CONTACT,0.01549
73.621,6.032,0.150,CONTACT,0.01549
73.673,5.580,0.150,CONTACT,0.01550
73.725,5.898,0.150,CONTACT,0.01551
73.775,6.366,0.150,CONTACT,0.01549
73.826,5.853,0.150,CONTACT,0.01550
73.878,5.476,0.150,CONTACT,0.01552
73.930,5.695,0.150,CONTACT,0.01553
73.981,6.324,0.150,CONTACT,0.01552
74.031,5.737,0.150,CONTACT,0.01553
74.134,8.727,0.150,CONTACT,0.01543
74.235,13.068,0.150,CONTACT,0.01520
74.336,12.461,0.150,CONTACT,0.01498
74.437,7.648,0.150,CONTACT,0.01493
74.537,6.523,0.150,CONTACT,0.01491
74.639,8.948,0.150,CONTACT,0.01481
74.742,9.051,0.150,CONTACT,0.01471
74.844,5.060,0.150,CONTACT,0.01474
74.894,2.382,0.150,CONTACT,0.01486
74.945,1.430,0.150,APPROACH,0.01502
74.999,1.569,0.150,APPROACH,0.01516
75.050,1.689,0.150,APPROACH,0.01531
75.100,2.519,0.150,CONTACT,0.01542
75.152,4.037,0.150,CONTACT,0.01549
75.203,5.349,0.150,CONTACT,0.01551
75.254,5.421,0.150,CONTACT,0.01553
75.306,5.694,0.150,CONTACT,0.01554
75.356,6.347,0.150,CONTACT,0.01553
75.409,6.724,0.150,CONTACT,0.01550
75.460,6.375,0.150,CONTACT,0.01549
75.510,6.193,0.150,CONTACT,0.01549
75.562,6.520,0.150,CONTACT,0.01547
75.614,6.618,0.150,CONTACT,0.01545
75.666,6.112,0.150,CONTACT,0.01544
75.717,5.868,0.150,CONTACT,0.01545
75.769,6.256,0.150,CONTACT,0.01544
75.821,6.437,0.150,CONTACT,0.01542
75.872,5.751,0.150,CONTACT,0.01543
75.924,5.188,0.150,CONTACT,0.01546
75.974,5.286,0.150,CONTACT,0.01548
76.025,5.564,0.150,CONTACT,0.01550
76.077,5.321,0.150,CONTACT,0.01552
76.129,5.159,0.150,CONTACT,0.01555
76.182,6.103,0.150,CONTACT,0.01555
76.234,6.863,0.150,CONTACT,0.01552
76.284,6.460,0.150,CONTACT,0.01550
76.336,5.922,0.150,CONTACT,0.01550
76.389,6.437,0.150,CONTACT,0.01549
76.441,6.771,0.150,CONTACT,0.01546
76.491,6.105,0.150,CONTACT,0.01546
76.544,5.479,0.150,CONTACT,0.01548
76.596,5.952,0.150,CONTACT,0.01548
76.646,6.362,0.150,CONTACT,0.01547
76.697,5.596,0.150,CONTACT,0.01548
76.748,5.262,0.150,CONTACT,0.01551
76.799,5.972,0.150,CONTACT,0.01551
76.849,6.370,0.150,CONTACT,0.01549
76.899,5.676,0.150,CONTACT,0.01550
76.955,5.458,0.150,CONTACT,0.01552
77.007,6.018,0.150,CONTACT,0.01552
77.058,6.419,0.150,CONTACT,0.01551
77.110,5.822,0.150,CONTACT,0.01551
77.165,5.437,0.150,CONTACT,0.01553
77.217,5.844,0.150,CONTACT,0.01554
77.268,6.389,0.150,CONTACT,0.01553
77.320,5.762,0.150,CONTACT,0.01553
77.372,5.544,0.150,CONTACT,0.01555
77.423,5.975,0.150,CONTACT,0.01555
77.473,6.454,0.150,CONTACT,0.01553
77.526,5.887,0.150,CONTACT,0.01554
77.578,5.603,0.150,CONTACT,0.01555
77.629,6.005,0.150,CONTACT,0.01555
77.679,6.499,0.150,CONTACT,0.01553
77.732,5.939,0.150,CONTACT,0.01554
77.783,5.655,0.150,CONTACT,0.01555
77.834,6.082,0.150,CONTACT,0.01555
77.885,6.561,0.150,CONTACT,0.01553
77.937,5.973,0.150,CONTACT,0.01553
77.989,5.677,0.150,CONTACT,0.01554
78.039,6.078,0.150,CONTACT,0.01554
78.091,6.575,0.150,CONTACT,0.01552
78.144,6.036,0.150,CONTACT,0.01552
78.194,5.680,0.150,CONTACT,0.01553
78.249,6.098,0.150,CONTACT,0.01552
78.300,6.618,0.150,CONTACT,0.01550
78.352,6.169,0.150,CONTACT,0.01550
78.403,5.721,0.150,CONTACT,0.01551
78.458,6.161,0.150,CONTACT,0.01550
78.510,6.613,0.150,CONTACT,0.01548
78.562,6.054,0.150,CONTACT,0.01548
78.614,5.677,0.150,CONTACT,0.01549
78.669,6.244,0.150,CONTACT,0.01548
78.720,6.625,0.150,CONTACT,0.01546
78.773,6.173,0.150,CONTACT,0.01545
78.823,5.447,0.150,CONTACT,0.01547
78.875,5.594,0.150,CONTACT,0.01549
78.927,5.846,0.150,CONTACT,0.01549
78.980,5.659,0.150,CONTACT,0.01550
79.031,5.582,0.150,CONTACT,0.01552
79.082,6.393,0.150,CONTACT,0.01550
79.134,6.749,0.150,CONTACT,0.01548
79.184,6.433,0.150,CONTACT,0.01546
79.236,5.936,0.150,CONTACT,0.01547
79.288,6.372,0.150,CONTACT,0.01545
79.339,6.543,0.150,CONTACT,0.01544
79.391,6.066,0.150,CONTACT,0.01543
79.442,5.453,0.150,CONTACT,0.01545
79.493,5.961,0.150,CONTACT,0.01545
79.545,6.199,0.150,CONTACT,0.01545
79.596,5.871,0.150,CONTACT,0.01545
79.648,5.399,0.150,CONTACT,0.01547
79.699,5.982,0.150,CONTACT,0.01547
79.751,6.267,0.150,CONTACT,0.01546
79.803,5.930,0.150,CONTACT,0.01546
79.854,5.523,0.150,CONTACT,0.01548
79.905,6.041,0.150,CONTACT,0.01548
79.960,6.283,0.150,CONTACT,0.01547
80.011,5.827,0.150,CONTACT,0.01548
80.062,5.672,0.150,CONTACT,0.01549
80.113,6.091,0.150,CONTACT,0.01548
80.165,6.316,0.150,CONTACT,0.01547
80.217,6.055,0.150,CONTACT,0.01547
80.270,5.880,0.150,CONTACT,0.01547
80.322,6.197,0.150,CONTACT,0.01547
80.374,6.336,0.150,CONTACT,0.01546
80.425,6.052,0.150,CONTACT,0.01546
80.476,5.758,0.150,CONTACT,0.01546
80.527,6.163,0.150,CONTACT,0.01546
80.578,6.317,0.150,CONTACT,0.01545
80.629,5.986,0.150,CONTACT,0.01545
80.679,5.734,0.150,CONTACT,0.01546
80.730,6.107,0.150,CONTACT,0.01545
80.782,6.278,0.150,CONTACT,0.01544
80.834,5.817,0.150,CONTACT,0.01545
80.886,5.483,0.150,CONTACT,0.01547
80.938,5.985,0.150,CONTACT,0.01547
80.990,6.328,0.150,CONTACT,0.01546
81.043,5.807,0.150,CONTACT,0.01546
81.094,5.408,0.150,CONTACT,0.01548
81.145,6.138,0.150,CONTACT,0.01548
81.196,6.498,0.150,CONTACT,0.01546
81.246,5.779,0.150,CONTACT,0.01547
81.297,5.472,0.150,CONTACT,0.01549
81.350,6.094,0.150,CONTACT,0.01548
81.401,6.648,0.150,CONTACT,0.01546
81.452,5.920,0.150,CONTACT,0.01546
81.504,5.602,0.150,CONTACT,0.01548
81.555,6.346,0.150,CONTACT,0.01547
81.606,6.726,0.150,CONTACT,0.01544
81.658,5.976,0.150,CONTACT,0.01544
81.709,5.454,0.150,CONTACT,0.01546
81.760,5.631,0.150,CONTACT,0.01547
81.811,5.990,0.150,CONTACT,0.01547
81.864,5.679,0.150,CONTACT,0.01548
81.916,5.387,0.150,CONTACT,0.01550
81.969,6.166,0.150,CONTACT,0.01550
82.020,6.878,0.150,CONTACT,0.01547
82.071,6.163,0.150,CONTACT,0.01546
82.124,5.815,0.150,CONTACT,0.01547
82.174,6.383,0.150,CONTACT,0.01546
82.225,6.715,0.150,CONTACT,0.01543
82.275,5.916,0.150,CONTACT,0.01544
82.327,5.572,0.150,CONTACT,0.01545
82.378,5.951,0.150,CONTACT,0.01545
82.430,6.395,0.150,CONTACT,0.01544
82.480,5.764,0.150,CONTACT,0.01545
82.533,5.508,0.150,CONTACT,0.01546
82.583,5.916,0.150,CONTACT,0.01547
82.634,6.381,0.150,CONTACT,0.01545
82.686,5.775,0.150,CONTACT,0.01546
82.738,5.454,0.150,CONTACT,0.01548
82.790,5.724,0.150,CONTACT,0.01549
82.842,6.350,0.150,CONTACT,0.01548
82.894,5.788,0.150,CONTACT,0.01548
82.945,5.643,0.150,CONTACT,0.01550
82.996,5.945,0.150,CONTACT,0.01550
83.047,6.511,0.150,CONTACT,0.01548
83.099,5.859,0.150,CONTACT,0.01549
83.150,5.597,0.150,CONTACT,0.01550
83.203,6.006,0.150,CONTACT,0.01550
83.256,6.470,0.150,CONTACT,0.01548
83.308,5.943,0.150,CONTACT,0.01549
83.360,5.567,0.150,CONTACT,0.01550
83.413,6.078,0.150,CONTACT,0.01550
83.464,6.461,0.150,CONTACT,0.01548
83.516,6.105,0.150,CONTACT,0.01548
83.567,5.662,0.150,CONTACT,0.01549
83.618,6.225,0.150,CONTACT,0.01548
83.669,6.475,0.150,CONTACT,0.01547
83.721,6.135,0.150,CONTACT,0.01546
83.772,5.660,0.150,CONTACT,0.01547
83.823,6.201,0.150,CONTACT,0.01547
83.875,6.444,0.150,CONTACT,0.01545
83.926,5.877,0.150,CONTACT,0.01546
83.977,5.703,0.150,CONTACT,0.01547
84.029,6.230,0.150,CONTACT,0.01546
84.081,6.479,0.150,CONTACT,0.01544
84.133,6.126,0.150,CONTACT,0.01544
84.183,5.675,0.150,CONTACT,0.01545
84.236,6.150,0.150,CONTACT,0.01544
84.287,6.499,0.150,CONTACT,0.01543
84.340,6.114,0.150,CONTACT,0.01542
84.390,5.603,0.150,CONTACT,0.01544
84.441,6.228,0.150,CONTACT,0.01543
84.493,6.532,0.150,CONTACT,0.01541
84.544,6.219,0.150,CONTACT,0.01540
84.595,5.634,0.150,CONTACT,0.01542
84.645,5.771,0.150,CONTACT,0.01542
84.696,6.029,0.150,CONTACT,0.01542
84.750,5.902,0.150,CONTACT,0.01543
84.802,5.847,0.150,CONTACT,0.01543
84.854,6.294,0.150,CONTACT,0.01542
84.905,6.596,0.150,CONTACT,0.01540
84.956,6.257,0.150,CONTACT,0.01539
85.008,5.904,0.150,CONTACT,0.01540
85.058,6.275,0.150,CONTACT,0.01539
85.110,6.365,0.150,CONTACT,0.01537
85.161,5.995,0.150,CONTACT,0.01537
85.213,5.650,0.150,CONTACT,0.01539
85.265,5.992,0.150,CONTACT,0.01539
85.315,6.180,0.150,CONTACT,0.01538
85.367,5.833,0.150,CONTACT,0.01539
85.419,5.477,0.150,CONTACT,0.01540
85.469,5.961,0.150,CONTACT,0.01540
85.522,6.168,0.150,CONTACT,0.01540
85.576,5.703,0.150,CONTACT,0.01541
85.627,5.357,0.150,CONTACT,0.01543
85.678,5.990,0.150,CONTACT,0.01543
85.728,6.299,0.150,CONTACT,0.01542
85.780,5.577,0.150,CONTACT,0.01544
85.832,5.415,0.150,CONTACT,0.01545
85.883,5.902,0.150,CONTACT,0.01546
85.938,6.474,0.150,CONTACT,0.01544
85.990,6.157,0.150,CONTACT,0.01544
86.041,5.654,0.150,CONTACT,0.01545
86.092,6.199,0.150,CONTACT,0.01544
86.143,6.460,0.150,CONTACT,0.01543
86.195,5.673,0.150,CONTACT,0.01544
86.247,5.273,0.150,CONTACT,0.01546
86.299,5.880,0.150,CONTACT,0.01547
86.350,6.383,0.150,CONTACT,0.01545
86.402,5.797,0.150,CONTACT,0.01546
86.454,5.528,0.150,CONTACT,0.01548
86.505,5.973,0.150,CONTACT,0.01548
86.556,6.521,0.150,CONTACT,0.01546
86.608,6.038,0.150,CONTACT,0.01546
86.661,5.617,0.150,CONTACT,0.01547
86.712,6.002,0.150,CONTACT,0.01547
86.764,6.568,0.150,CONTACT,0.01545
86.816,6.129,0.150,CONTACT,0.01545
86.867,5.681,0.150,CONTACT,0.01546
86.919,6.018,0.150,CONTACT,0.01546
86.971,6.590,0.150,CONTACT,0.01544
87.023,6.135,0.150,CONTACT,0.01543
87.073,5.633,0.150,CONTACT,0.01545
87.125,6.017,0.150,CONTACT,0.01544
87.177,6.599,0.150,CONTACT,0.01542
87.228,5.923,0.150,CONTACT,0.01543
87.279,5.766,0.150,CONTACT,0.01543
87.330,6.089,0.150,CONTACT,0.01543
87.382,6.670,0.150,CONTACT,0.01541
87.439,6.225,0.150,CONTACT,0.01540
87.489,5.543,0.150,CONTACT,0.01542
87.542,5.818,0.150,CONTACT,0.01542
87.593,6.180,0.150,CONTACT,0.01542
87.645,5.887,0.150,CONTACT,0.01542
87.697,5.560,0.150,CONTACT,0.01544
87.748,6.326,0.150,CONTACT,0.01543
87.799,6.653,0.150,CONTACT,0.01540
87.850,6.282,0.150,CONTACT,0.01539
87.903,5.761,0.150,CONTACT,0.01540
87.954,6.274,0.150,CONTACT,0.01539
88.006,6.493,0.150,CONTACT,0.01538
88.056,6.055,0.150,CONTACT,0.01537
88.108,5.545,0.150,CONTACT,0.01539
88.158,6.047,0.150,CONTACT,0.01539
88.209,6.269,0.150,CONTACT,0.01538
88.260,5.868,0.150,CONTACT,0.01538
88.312,5.488,0.150,CONTACT,0.01540
88.364,5.930,0.150,CONTACT,0.01540
88.416,6.262,0.150,CONTACT,0.01539
88.468,5.888,0.150,CONTACT,0.01540
88.519,5.423,0.150,CONTACT,0.01542
88.570,6.001,0.150,CONTACT,0.01542
88.622,6.304,0.150,CONTACT,0.01541
88.673,5.796,0.150,CONTACT,0.01541
88.723,5.666,0.150,CONTACT,0.01542
88.774,6.179,0.150,CONTACT,0.01542
88.827,6.394,0.150,CONTACT,0.01541
88.878,6.113,0.150,CONTACT,0.01540
88.929,5.812,0.150,CONTACT,0.01541
88.979,6.216,0.150,CONTACT,0.01540
89.032,6.335,0.150,CONTACT,0.01539
89.083,6.018,0.150,CONTACT,0.01539
89.135,5.745,0.150,CONTACT,0.01540
89.186,6.132,0.150,CONTACT,0.01539
89.237,6.255,0.150,CONTACT,0.01538
89.288,5.928,0.150,CONTACT,0.01539
89.340,5.655,0.150,CONTACT,0.01540
89.391,6.014,0.150,CONTACT,0.01540
89.442,6.303,0.150,CONTACT,0.01539
89.493,5.966,0.150,CONTACT,0.01539
89.545,5.763,0.150,CONTACT,0.01540
89.597,6.125,0.150,CONTACT,0.01539
89.647,6.369,0.150,CONTACT,0.01538
89.702,5.794,0.150,CONTACT,0.01539
89.752,5.513,0.150,CONTACT,0.01540
89.803,6.141,0.150,CONTACT,0.01540
89.854,6.421,0.150,CONTACT,0.01539
89.905,5.665,0.150,CONTACT,0.01540
89.957,5.353,0.150,CONTACT,0.01542
90.008,6.133,0.150,CONTACT,0.01541
90.059,6.564,0.150,CONTACT,0.01539
90.110,5.876,0.150,CONTACT,0.01540
90.162,5.508,0.150,CONTACT,0.01542
90.213,6.144,0.150,CONTACT,0.01541
90.265,6.715,0.150,CONTACT,0.01539
90.317,5.927,0.150,CONTACT,0.01539
90.368,5.529,0.150,CONTACT,0.01540
90.418,6.074,0.150,CONTACT,0.01540
90.471,6.564,0.150,CONTACT,0.01538
90.523,6.028,0.150,CONTACT,0.01538
90.574,5.514,0.150,CONTACT,0.01540
90.626,6.121,0.150,CONTACT,0.01539
90.678,6.627,0.150,CONTACT,0.01537
90.728,6.072,0.150,CONTACT,0.01537
90.779,5.595,0.150,CONTACT,0.01538
90.830,6.036,0.150,CONTACT,0.01538
90.881,6.542,0.150,CONTACT,0.01537
90.933,5.968,0.150,CONTACT,0.01537
90.985,5.446,0.150,CONTACT,0.01539
91.037,5.796,0.150,CONTACT,0.01539
91.088,6.355,0.150,CONTACT,0.01538
91.139,5.947,0.150,CONTACT,0.01538
91.190,5.517,0.150,CONTACT,0.01540
91.241,5.845,0.150,CONTACT,0.01540
91.293,6.403,0.150,CONTACT,0.01539
91.345,5.952,0.150,CONTACT,0.01539
91.397,5.762,0.150,CONTACT,0.01540
91.447,5.879,0.150,CONTACT,0.01540
91.499,6.429,0.150,CONTACT,0.01539
91.552,5.830,0.150,CONTACT,0.01539
91.602,5.463,0.150,CONTACT,0.01541
91.655,5.879,0.150,CONTACT,0.01542
91.706,6.375,0.150,CONTACT,0.01540
91.758,5.878,0.150,CONTACT,0.01541
91.810,5.598,0.150,CONTACT,0.01542
91.865,6.113,0.150,CONTACT,0.01542
91.916,6.454,0.150,CONTACT,0.01540
91.967,6.055,0.150,CONTACT,0.01540
92.020,5.662,0.150,CONTACT,0.01541
92.071,6.180,0.150,CONTACT,0.01541
92.122,6.411,0.150,CONTACT,0.01539
92.172,6.052,0.150,CONTACT,0.01539
92.224,5.622,0.150,CONTACT,0.01540
92.274,6.161,0.150,CONTACT,0.01540
92.326,6.397,0.150,CONTACT,0.01538
92.377,6.031,0.150,CONTACT,0.01538
92.429,5.612,0.150,CONTACT,0.01540
92.480,6.166,0.150,CONTACT,0.01539
92.531,6.408,0.150,CONTACT,0.01538
92.583,6.021,0.150,CONTACT,0.01538
92.634,5.576,0.150,CONTACT,0.01539
92.686,6.074,0.150,CONTACT,0.01539
92.737,6.444,0.150,CONTACT,0.01537
92.790,6.058,0.150,CONTACT,0.01537
92.842,5.620,0.150,CONTACT,0.01538
92.893,6.225,0.150,CONTACT,0.01538
92.948,6.516,0.150,CONTACT,0.01536
93.000,5.964,0.150,CONTACT,0.01536
93.052,5.775,0.150,CONTACT,0.01537
93.104,6.295,0.150,CONTACT,0.01536
93.159,6.587,0.150,CONTACT,0.01534
93.211,6.148,0.150,CONTACT,0.01533
93.264,5.722,0.150,CONTACT,0.01534
93.315,6.291,0.150,CONTACT,0.01533
93.365,6.572,0.150,CONTACT,0.01531
93.417,6.259,0.150,CONTACT,0.01531
93.469,5.686,0.150,CONTACT,0.01532
93.521,6.058,0.150,CONTACT,0.01531
93.573,6.316,0.150,CONTACT,0.01530
93.623,5.874,0.150,CONTACT,0.01531
93.675,5.792,0.150,CONTACT,0.01531
93.727,6.191,0.150,CONTACT,0.01531
93.779,6.325,0.150,CONTACT,0.01530
93.830,6.002,0.150,CONTACT,0.01530
93.883,5.839,0.150,CONTACT,0.01530
93.935,6.099,0.150,CONTACT,0.01530
93.987,6.201,0.150,CONTACT,0.01529
94.040,5.734,0.150,CONTACT,0.01530
94.093,5.392,0.150,CONTACT,0.01532
94.145,5.814,0.150,CONTACT,0.01533
94.196,6.109,0.150,CONTACT,0.01532
94.248,5.609,0.150,CONTACT,0.01534
94.300,5.190,0.150,CONTACT,0.01536
94.352,5.835,0.150,CONTACT,0.01537
94.404,6.371,0.150,CONTACT,0.01536
94.456,5.629,0.150,CONTACT,0.01537
94.507,5.385,0.150,CONTACT,0.01539
94.559,5.957,0.150,CONTACT,0.01539
94.609,6.441,0.150,CONTACT,0.01538
94.661,5.762,0.150,CONTACT,0.01539
94.713,5.530,0.150,CONTACT,0.01540
94.761,6.839,0.150,CONTACT,0.01537
94.813,7.802,0.150,CONTACT,0.01531
94.869,6.224,0.150,CONTACT,0.01531
94.923,5.287,0.150,CONTACT,0.01533
94.974,5.784,0.150,CONTACT,0.01534
95.024,6.122,0.150,CONTACT,0.01533
95.074,5.342,0.150,CONTACT,0.01535
95.126,5.166,0.150,CONTACT,0.01538
95.176,5.644,0.150,CONTACT,0.01539
95.228,6.358,0.150,CONTACT,0.01538
95.279,5.797,0.150,CONTACT,0.01539
95.331,5.621,0.150,CONTACT,0.01540
95.381,5.945,0.150,CONTACT,0.01540
95.433,6.571,0.150,CONTACT,0.01538
95.485,5.967,0.150,CONTACT,0.01539
95.536,5.812,0.150,CONTACT,0.01539
95.586,6.116,0.150,CONTACT,0.01539
95.639,6.658,0.150,CONTACT,0.01537
95.691,5.950,0.150,CONTACT,0.01537
95.741,5.688,0.150,CONTACT,0.01538
95.793,6.018,0.150,CONTACT,0.01538
95.845,6.627,0.150,CONTACT,0.01536
95.896,5.947,0.150,CONTACT,0.01536
95.946,5.791,0.150,CONTACT,0.01537
95.998,6.150,0.150,CONTACT,0.01536
96.049,6.727,0.150,CONTACT,0.01534
96.101,6.218,0.200,APPROACH,0.01434
96.344,9.346,0.200,APPROACH,0.01334
96.467,8.204,0.200,APPROACH,0.01234
96.629,0.907,0.000,APPROACH,0.00000
96.679,0.397,0.000,APPROACH,0.00040
96.730,0.178,0.000,APPROACH,0.00080
96.782,0.055,0.000,APPROACH,0.00120
96.834,0.021,0.000,APPROACH,0.00160
96.886,0.012,0.000,APPROACH,0.00200
96.938,0.005,0.000,APPROACH,0.00240
96.990,0.002,0.000,APPROACH,0.00280
97.041,0.001,0.000,APPROACH,0.00320
97.092,0.001,0.000,APPROACH,0.00360
97.143,0.001,0.000,APPROACH,0.00400
97.195,0.001,0.000,APPROACH,0.00440
97.246,0.001,0.000,APPROACH,0.00480
97.298,0.001,0.000,APPROACH,0.00520
97.350,0.001,0.000,APPROACH,0.00560
97.401,0.001,0.000,APPROACH,0.00600
97.451,0.001,0.000,APPROACH,0.00640
97.503,0.001,0.000,APPROACH,0.00680
97.554,0.001,0.000,APPROACH,0.00720
97.606,0.001,0.000,APPROACH,0.00760
97.656,0.001,0.000,APPROACH,0.00800
97.712,0.001,0.000,APPROACH,0.00840
97.763,0.001,0.000,APPROACH,0.00880
97.815,0.001,0.000,APPROACH,0.00920
97.866,0.001,0.000,APPROACH,0.00960
97.916,0.001,0.000,APPROACH,0.01000
97.968,0.001,0.000,APPROACH,0.01040
98.020,0.001,0.000,APPROACH,0.01080
98.072,0.001,0.000,APPROACH,0.01120
98.123,0.001,0.000,APPROACH,0.01160
98.175,0.001,0.000,APPROACH,0.01200
98.227,0.001,0.000,APPROACH,0.01240
98.278,0.001,0.000,APPROACH,0.01280
98.329,0.001,0.000,APPROACH,0.01320
98.380,0.001,0.000,APPROACH,0.01360
98.432,0.001,0.000,APPROACH,0.01400
98.483,0.240,0.000,APPROACH,0.01440
98.534,0.769,0.000,APPROACH,0.01480
98.586,0.945,0.000,APPROACH,0.01520
98.638,1.737,0.000,APPROACH,0.01560
98.688,4.086,0.000,APPROACH,0.01600
98.688,4.086,0.150,CONTACT,0.01600
98.998,8.429,0.150,CONTACT,0.01592
99.050,9.269,0.150,CONTACT,0.01581
99.103,10.323,0.150,CONTACT,0.01567
99.154,10.381,0.150,CONTACT,0.01552
99.204,8.748,0.150,CONTACT,0.01543
99.255,7.619,0.150,CONTACT,0.01537
99.307,7.421,0.150,CONTACT,0.01533
99.359,7.144,0.150,CONTACT,0.01529
99.409,6.364,0.150,CONTACT,0.01528
99.460,5.962,0.150,CONTACT,0.01528
99.512,6.141,0.150,CONTACT,0.01527
99.562,6.170,0.150,CONTACT,0.01527
99.613,5.829,0.150,CONTACT,0.01527
99.663,5.485,0.150,CONTACT,0.01529
99.715,5.925,0.150,CONTACT,0.01529
99.767,6.094,0.150,CONTACT,0.01529
99.817,5.614,0.150,CONTACT,0.01530
99.868,5.426,0.150,CONTACT,0.01532
99.919,5.972,0.150,CONTACT,0.01532
99.971,6.250,0.150,CONTACT,0.01531
100.028,5.578,0.150,CONTACT,0.01533
100.079,5.270,0.150,CONTACT,0.01535
100.128,5.886,0.150,CONTACT,0.01536
100.181,6.387,0.150,CONTACT,0.01534
100.235,5.713,0.150,CONTACT,0.01535
100.289,5.392,0.150,CONTACT,0.01537
100.341,6.099,0.150,CONTACT,0.01537
100.391,6.577,0.150,CONTACT,0.01535
100.443,6.001,0.150,CONTACT,0.01535
100.495,5.501,0.150,CONTACT,0.01537
100.546,6.132,0.150,CONTACT,0.01536
100.597,6.573,0.150,CONTACT,0.01534
100.647,5.968,0.150,CONTACT,0.01535
100.698,5.536,0.150,CONTACT,0.01536
100.750,6.204,0.150,CONTACT,0.01535
100.802,6.560,0.150,CONTACT,0.01534
100.854,5.865,0.150,CONTACT,0.01534
100.905,5.421,0.150,CONTACT,0.01536
100.956,6.138,0.150,CONTACT,0.01535
101.008,6.553,0.150,CONTACT,0.01534
101.060,5.892,0.150,CONTACT,0.01534
101.114,5.471,0.150,CONTACT,0.01536
101.165,6.120,0.150,CONTACT,0.01535
101.218,6.613,0.150,CONTACT,0.01533
101.270,6.053,0.150,CONTACT,0.01533
101.324,5.540,0.150,CONTACT,0.01535
101.376,6.058,0.150,CONTACT,0.01534
101.428,6.655,0.150,CONTACT,0.01532
101.479,5.884,0.150,CONTACT,0.01533
101.529,5.746,0.150,CONTACT,0.01533
101.581,6.151,0.150,CONTACT,0.01533
101.633,6.789,0.150,CONTACT,0.01530
101.685,6.164,0.150,CONTACT,0.01530
101.738,6.211,0.150,CONTACT,0.01529
101.790,7.079,0.150,CONTACT,0.01526
101.841,8.337,0.150,CONTACT,0.01518
101.891,7.301,0.150,CONTACT,0.01513
101.943,5.509,0.150,CONTACT,0.01515
101.995,5.300,0.150,CONTACT,0.01517
102.047,5.722,0.150,CONTACT,0.01518
102.097,5.145,0.150,CONTACT,0.01521
102.148,4.767,0.150,CONTACT,0.01525
102.200,5.310,0.150,CONTACT,0.01528
102.251,5.987,0.150,CONTACT,0.01528
102.302,5.782,0.150,CONTACT,0.01528
102.354,5.352,0.150,CONTACT,0.01530
102.405,6.007,0.150,CONTACT,0.01530
102.458,6.310,0.150,CONTACT,0.01529
102.510,5.966,0.150,CONTACT,0.01530
102.562,5.491,0.150,CONTACT,0.01531
102.613,6.057,0.150,CONTACT,0.01531
102.663,6.314,0.150,CONTACT,0.01530
102.716,5.932,0.150,CONTACT,0.01530
102.768,5.473,0.150,CONTACT,0.01532
102.819,6.044,0.150,CONTACT,0.01532
102.871,6.302,0.150,CONTACT,0.01531
102.923,5.938,0.150,CONTACT,0.01531
102.973,5.506,0.150,CONTACT,0.01533
103.025,5.994,0.150,CONTACT,0.01533
103.077,6.357,0.150,CONTACT,0.01532
103.129,6.002,0.150,CONTACT,0.01532
103.179,5.513,0.150,CONTACT,0.01533
103.229,6.112,0.150,CONTACT,0.01533
103.281,6.407,0.150,CONTACT,0.01531
103.333,6.061,0.150,CONTACT,0.01531
103.386,5.687,0.150,CONTACT,0.01532
103.436,6.184,0.150,CONTACT,0.01532
103.487,6.383,0.150,CONTACT,0.01530
103.537,6.059,0.150,CONTACT,0.01530
103.588,5.822,0.150,CONTACT,0.01531
103.641,6.165,0.150,CONTACT,0.01530
103.692,6.341,0.150,CONTACT,0.01529
103.744,5.988,0.150,CONTACT,0.01529
103.796,5.678,0.150,CONTACT,0.01530
103.847,6.135,0.150,CONTACT,0.01530
103.897,6.306,0.150,CONTACT,0.01529
103.948,5.986,0.150,CONTACT,0.01529
104.000,5.802,0.150,CONTACT,0.01529
104.053,6.174,0.150,CONTACT,0.01529
104.104,6.362,0.150,CONTACT,0.01528
104.154,6.009,0.150,CONTACT,0.01528
104.205,5.747,0.150,CONTACT,0.01528
104.258,6.199,0.150,CONTACT,0.01528
104.308,6.431,0.150,CONTACT,0.01526
104.360,5.813,0.150,CONTACT,0.01527
104.411,5.633,0.150,CONTACT,0.01528
104.463,6.331,0.150,CONTACT,0.01527
104.514,6.715,0.150,CONTACT,0.01525
