t,F_meas_N,speed_mps,mode,delta_m
0.0000,0.0000,0.0000,APPROACH,-0.03950
0.0100,0.0000,0.0000,APPROACH,-0.03900
0.0200,0.0000,0.0000,APPROACH,-0.03850
0.0300,0.0000,0.0000,APPROACH,-0.03800
0.0400,0.0000,0.0000,APPROACH,-0.03750
0.0500,0.0000,0.0000,APPROACH,-0.03700
0.0600,0.0000,0.0000,APPROACH,-0.03650
0.0700,0.0000,0.0000,APPROACH,-0.03600
0.0800,0.0000,0.0000,APPROACH,-0.03550
0.0900,0.0000,0.0000,APPROACH,-0.03500
0.1000,0.0000,0.0000,APPROACH,-0.03450
0.1100,0.0000,0.0000,APPROACH,-0.03400
0.1200,0.0000,0.0000,APPROACH,-0.03350
0.1300,0.0000,0.0000,APPROACH,-0.03300
0.1400,0.0000,0.0000,APPROACH,-0.03250
0.1500,0.0000,0.0000,APPROACH,-0.03200
0.1600,0.0000,0.0000,APPROACH,-0.03150
0.1700,0.0000,0.0000,APPROACH,-0.03100
0.1800,0.0000,0.0000,APPROACH,-0.03050
0.1900,0.0000,0.0000,APPROACH,-0.03000
0.2000,0.0000,0.0000,APPROACH,-0.02950
0.2100,0.0000,0.0000,APPROACH,-0.02900
0.2200,0.0000,0.0000,APPROACH,-0.02850
0.2300,0.0000,0.0000,APPROACH,-0.02800
0.2400,0.0000,0.0000,APPROACH,-0.02750
0.2500,0.0000,0.0000,APPROACH,-0.02700
0.2600,0.0000,0.0000,APPROACH,-0.02650
0.2700,0.0000,0.0000,APPROACH,-0.02600
0.2800,0.0000,0.0000,APPROACH,-0.02550
0.2900,0.0000,0.0000,APPROACH,-0.02500
0.3000,0.0000,0.0000,APPROACH,-0.02450
0.3100,0.0000,0.0000,APPROACH,-0.02400
0.3200,0.0000,0.0000,APPROACH,-0.02350
0.3300,0.0000,0.0000,APPROACH,-0.02300
0.3400,0.0000,0.0000,APPROACH,-0.02250
0.3500,0.0000,0.0000,APPROACH,-0.02200
0.3600,0.0000,0.0000,APPROACH,-0.02150
0.3700,0.0000,0.0000,APPROACH,-0.02100
0.3800,0.0000,0.0000,APPROACH,-0.02050
0.3900,0.0000,0.0000,APPROACH,-0.02000
0.4000,0.0000,0.0000,APPROACH,-0.01950
0.4100,0.0000,0.0000,APPROACH,-0.01900
0.4200,0.0000,0.0000,APPROACH,-0.01850
0.4300,0.0000,0.0000,APPROACH,-0.01800
0.4400,0.0000,0.0000,APPROACH,-0.01750
0.4500,0.0000,0.0000,APPROACH,-0.01700
0.4600,0.0000,0.0000,APPROACH,-0.01650
0.4700,0.0000,0.0000,APPROACH,-0.01600
0.4800,0.0000,0.0000,APPROACH,-0.01550
0.4900,0.0000,0.0000,APPROACH,-0.01500
0.5000,0.0000,0.0000,APPROACH,-0.01450
0.5100,0.0000,0.0000,APPROACH,-0.01400
0.5200,0.0000,0.0000,APPROACH,-0.01350
0.5300,0.0000,0.0000,APPROACH,-0.01300
0.5400,0.0000,0.0000,APPROACH,-0.01250
0.5500,0.0000,0.0000,APPROACH,-0.01200
0.5600,0.0000,0.0000,APPROACH,-0.01150
0.5700,0.0000,0.0000,APPROACH,-0.01100
0.5800,0.0000,0.0000,APPROACH,-0.01050
0.5900,0.0000,0.0000,APPROACH,-0.01000
0.6000,0.0000,0.0000,APPROACH,-0.00950
0.6100,0.0000,0.0000,APPROACH,-0.00900
0.6200,0.0000,0.0000,APPROACH,-0.00850
0.6300,0.0000,0.0000,APPROACH,-0.00800
0.6400,0.0000,0.0000,APPROACH,-0.00750
0.6500,0.0000,0.0000,APPROACH,-0.00700
0.6600,0.0000,0.0000,APPROACH,-0.00650
0.6700,0.0000,0.0000,APPROACH,-0.00600
0.6800,0.0000,0.0000,APPROACH,-0.00550
0.6900,0.0000,0.0000,APPROACH,-0.00500
0.7000,0.0000,0.0000,APPROACH,-0.00450
0.7100,0.0000,0.0000,APPROACH,-0.00400
0.7200,0.0000,0.0000,APPROACH,-0.00350
0.7300,0.0000,0.0000,APPROACH,-0.00300
0.7400,0.0000,0.0000,APPROACH,-0.00250
0.7500,0.0000,0.0000,APPROACH,-0.00200
0.7600,0.0000,0.0000,APPROACH,-0.00150
0.7700,0.0000,0.0000,APPROACH,-0.00100
0.7800,0.0000,0.0000,APPROACH,-0.00050
0.7900,0.0000,0.0000,APPROACH,0.00000
0.8000,0.0000,0.0000,APPROACH,0.00050
0.8100,0.7506,0.0000,APPROACH,0.00100
0.8200,1.1555,0.0000,APPROACH,0.00150
0.8300,1.4968,0.0000,APPROACH,0.00200
0.8400,2.1545,0.2000,CONTACT,0.00250
0.8500,2.7843,0.2000,CONTACT,0.00300
0.8600,2.8911,0.2000,CONTACT,0.00350
0.8700,3.4335,0.2000,CONTACT,0.00400
0.8800,3.8308,0.2000,CONTACT,0.00450
0.8900,4.6375,0.2000,CONTACT,0.00500
0.9000,5.1570,0.2000,CONTACT,0.00550
0.9100,5.4705,0.2000,CONTACT,0.00600
0.9200,5.9654,0.2000,CONTACT,0.00645
0.9300,6.3339,0.2000,CONTACT,0.00686
0.9400,6.9575,0.2000,CONTACT,0.00719
0.9500,7.3389,0.2000,CONTACT,0.00749
0.9600,7.5412,0.2000,CONTACT,0.00776
0.9700,7.9621,0.2000,CONTACT,0.00799
0.9800,8.0130,0.2000,CONTACT,0.00821
0.9900,8.4145,0.2000,CONTACT,0.00839
1.0000,8.6193,0.2000,CONTACT,0.00854
1.0100,8.4923,0.2000,CONTACT,0.00871
1.0200,8.7772,0.2000,CONTACT,0.00884
1.0300,8.9539,0.2000,CONTACT,0.00896
1.0400,8.9246,0.2000,CONTACT,0.00908
1.0500,8.8571,0.2000,CONTACT,0.00921
1.0600,8.9901,0.2000,CONTACT,0.00932
1.0700,9.2239,0.2000,CONTACT,0.00940
1.0800,9.5579,0.2000,CONTACT,0.00945
1.0900,9.5984,0.2000,CONTACT,0.00950
1.1000,9.3297,0.2000,CONTACT,0.00957
1.1100,9.4016,0.2000,CONTACT,0.00964
1.1200,9.8508,0.2000,CONTACT,0.00966
1.1300,10.0148,0.2000,CONTACT,0.00965
1.1400,9.4673,0.2000,CONTACT,0.00971
1.1500,9.5038,0.2000,CONTACT,0.00977
1.1600,9.5279,0.2000,CONTACT,0.00982
1.1700,9.5768,0.2000,CONTACT,0.00987
1.1800,9.8084,0.2000,CONTACT,0.00989
1.1900,9.6663,0.2000,CONTACT,0.00993
1.2000,10.1144,0.2000,CONTACT,0.00991
1.2100,9.7130,0.2000,CONTACT,0.00994
1.2200,10.0399,0.2000,CONTACT,0.00994
1.2300,9.7689,0.2000,CONTACT,0.00997
1.2400,10.1195,0.2000,CONTACT,0.00995
1.2500,10.0236,0.2000,CONTACT,0.00995
1.2600,9.9400,0.2000,CONTACT,0.00996
1.2700,9.5636,0.2000,CONTACT,0.01001
1.2800,9.7992,0.2000,CONTACT,0.01003
1.2900,9.8725,0.2000,CONTACT,0.01004
1.3000,10.0383,0.2000,CONTACT,0.01004
1.3100,10.2225,0.2000,CONTACT,0.01001
1.3200,10.1460,0.2000,CONTACT,0.01000
1.3300,9.9424,0.2000,CONTACT,0.01000
1.3400,10.1699,0.2000,CONTACT,0.00998
1.3500,10.2025,0.2000,CONTACT,0.00996
1.3600,10.0708,0.2000,CONTACT,0.00995
1.3700,9.8616,0.2000,CONTACT,0.00997
1.3800,9.9509,0.2000,CONTACT,0.00997
1.3900,9.7677,0.2000,CONTACT,0.01000
1.4000,10.1511,0.2000,CONTACT,0.00998
1.4100,10.2155,0.2000,CONTACT,0.00996
1.4200,9.9239,0.2000,CONTACT,0.00997
1.4300,10.3322,0.2000,CONTACT,0.00993
1.4400,10.0935,0.2000,CONTACT,0.00992
1.4500,9.8819,0.2000,CONTACT,0.00993
1.4600,9.8549,0.2000,CONTACT,0.00995
1.4700,10.2082,0.2000,CONTACT,0.00993
1.4800,9.7322,0.2000,CONTACT,0.00996
1.4900,9.8750,0.2000,CONTACT,0.00997
1.5000,10.0517,0.2000,CONTACT,0.00996
1.5100,10.0926,0.2000,CONTACT,0.00995
1.5200,10.1051,0.2000,CONTACT,0.00994
1.5300,10.3467,0.2000,CONTACT,0.00990
1.5400,10.2030,0.2000,CONTACT,0.00988
1.5500,9.7636,0.2000,CONTACT,0.00991
1.5600,9.6636,0.2000,CONTACT,0.00995
1.5700,10.3555,0.2000,CONTACT,0.00991
1.5800,9.8088,0.2000,CONTACT,0.00993
1.5900,9.4338,0.2000,CONTACT,0.00999
1.6000,9.6619,0.2000,CONTACT,0.01003
1.6100,10.3954,0.2000,CONTACT,0.00998
1.6200,10.1614,0.2000,CONTACT,0.00997
1.6300,9.7212,0.2000,CONTACT,0.01000
1.6400,10.0597,0.2000,CONTACT,0.00999
1.6500,10.0863,0.2000,CONTACT,0.00998
1.6600,10.1227,0.2000,CONTACT,0.00997
1.6700,10.1047,0.2000,CONTACT,0.00996
1.6800,9.9675,0.2000,CONTACT,0.00996
1.6900,10.2175,0.2000,CONTACT,0.00993
1.7000,10.0790,0.2000,CONTACT,0.00993
1.7100,9.8611,0.2000,CONTACT,0.00994
1.7200,9.5473,0.2000,CONTACT,0.00999
1.7300,9.8176,0.2000,CONTACT,0.01001
1.7400,10.0884,0.2000,CONTACT,0.01000
1.7500,9.9454,0.2000,CONTACT,0.01001
1.7600,10.1268,0.2000,CONTACT,0.00999
1.7700,9.7085,0.2000,CONTACT,0.01003
1.7800,9.9710,0.2000,CONTACT,0.01003
1.7900,9.9231,0.2000,CONTACT,0.01004
1.8000,10.0109,0.2000,CONTACT,0.01004
1.8100,9.9438,0.2000,CONTACT,0.01004
1.8200,9.8681,0.2000,CONTACT,0.01006
1.8300,10.1563,0.2000,CONTACT,0.01004
1.8400,10.1808,0.2000,CONTACT,0.01002
1.8500,10.0639,0.2000,CONTACT,0.01001
1.8600,9.6062,0.2000,CONTACT,0.01006
1.8700,10.0324,0.2000,CONTACT,0.01005
1.8800,10.2343,0.2000,CONTACT,0.01003
1.8900,9.9543,0.2000,CONTACT,0.01003
1.9000,10.0281,0.2000,CONTACT,0.01003
1.9100,9.9338,0.2000,CONTACT,0.01004
1.9200,10.5463,0.2000,CONTACT,0.00998
1.9300,10.0419,0.2000,CONTACT,0.00997
1.9400,9.9171,0.2000,CONTACT,0.00998
1.9500,9.8534,0.2000,CONTACT,0.01000
1.9600,10.0544,0.2000,CONTACT,0.00999
1.9700,10.2891,0.2000,CONTACT,0.00996
1.9800,10.1822,0.2000,CONTACT,0.00994
1.9900,10.4143,0.2000,CONTACT,0.00989
2.0000,9.9119,0.2000,CONTACT,0.00990
2.0100,9.9311,0.2000,CONTACT,0.00991
2.0200,9.8497,0.2000,CONTACT,0.00993
2.0300,10.0262,0.2000,CONTACT,0.00992
2.0400,9.9036,0.2000,CONTACT,0.00993
2.0500,9.8998,0.2000,CONTACT,0.00995
2.0600,10.2027,0.2000,CONTACT,0.00992
2.0700,9.7838,0.2000,CONTACT,0.00995
2.0800,9.9644,0.2000,CONTACT,0.00995
2.0900,9.8706,0.2000,CONTACT,0.00997
2.1000,9.7086,0.2000,CONTACT,0.01000
2.1100,10.1214,0.2000,CONTACT,0.00998
2.1200,9.9219,0.2000,CONTACT,0.00999
2.1300,9.8167,0.2000,CONTACT,0.01001
2.1400,10.0337,0.2000,CONTACT,0.01001
2.1500,9.9656,0.2000,CONTACT,0.01001
2.1600,9.8196,0.2000,CONTACT,0.01003
2.1700,10.2205,0.2000,CONTACT,0.01001
2.1800,9.9290,0.2000,CONTACT,0.01002
2.1900,9.9323,0.2000,CONTACT,0.01002
2.2000,10.1739,0.2000,CONTACT,0.01001
2.2100,10.2870,0.2000,CONTACT,0.00997
2.2200,10.0551,0.2000,CONTACT,0.00997
2.2300,10.2260,0.2000,CONTACT,0.00994
2.2400,9.7864,0.2000,CONTACT,0.00997
2.2500,10.1714,0.2000,CONTACT,0.00995
2.2600,10.0198,0.2000,CONTACT,0.00994
2.2700,10.1768,0.2000,CONTACT,0.00992
2.2800,10.0003,0.2000,CONTACT,0.00992
2.2900,9.9111,0.2000,CONTACT,0.00993
2.3000,10.3259,0.2000,CONTACT,0.00990
2.3100,10.2021,0.2000,CONTACT,0.00988
2.3200,9.7406,0.2000,CONTACT,0.00990
2.3300,9.7342,0.2000,CONTACT,0.00993
2.3400,9.6119,0.2000,CONTACT,0.00998
2.3500,9.8847,0.2000,CONTACT,0.00999
2.3600,9.9841,0.2000,CONTACT,0.00999
2.3700,10.0542,0.2000,CONTACT,0.00999
2.3800,10.3052,0.2000,CONTACT,0.00995
2.3900,10.0835,0.2000,CONTACT,0.00994
2.4000,10.2301,0.2000,CONTACT,0.00992
2.4100,9.8763,0.2000,CONTACT,0.00993
2.4200,10.0726,0.2000,CONTACT,0.00992
2.4300,9.8853,0.2000,CONTACT,0.00994
2.4400,9.9318,0.2000,CONTACT,0.00994
2.4500,9.7666,0.2000,CONTACT,0.00997
2.4600,9.9885,0.2000,CONTACT,0.00997
2.4700,10.0937,0.2000,CONTACT,0.00996
2.4800,10.0724,0.2000,CONTACT,0.00995
2.4900,10.1255,0.2000,CONTACT,0.00994
2.5000,9.7602,0.2000,CONTACT,0.00996
2.5100,9.7311,0.2000,CONTACT,0.00999
2.5200,10.2631,0.2000,CONTACT,0.00997
2.5300,10.2495,0.2000,CONTACT,0.00994
2.5400,10.1633,0.2000,CONTACT,0.00992
2.5500,10.0281,0.2000,CONTACT,0.00992
2.5600,10.1613,0.2000,CONTACT,0.00990
2.5700,9.5189,0.2000,CONTACT,0.00995
2.5800,9.8791,0.2000,CONTACT,0.00997
2.5900,9.8426,0.2000,CONTACT,0.00998
2.6000,10.0640,0.2000,CONTACT,0.00998
2.6100,10.1061,0.2000,CONTACT,0.00996
2.6200,9.6528,0.2000,CONTACT,0.01000
2.6300,9.8463,0.2000,CONTACT,0.01002
2.6400,9.9919,0.2000,CONTACT,0.01002
2.6500,10.0113,0.2000,CONTACT,0.01002
2.6600,9.6943,0.2000,CONTACT,0.01005
2.6700,10.3273,0.2000,CONTACT,0.01002
2.6800,9.8713,0.2000,CONTACT,0.01003
2.6900,10.1321,0.2000,CONTACT,0.01002
2.7000,9.7963,0.2000,CONTACT,0.01004
2.7100,9.9965,0.2000,CONTACT,0.01004
2.7200,10.3001,0.2000,CONTACT,0.01001
2.7300,9.7758,0.2000,CONTACT,0.01003
2.7400,10.1010,0.2000,CONTACT,0.01002
2.7500,9.9771,0.2000,CONTACT,0.01002
2.7600,10.3274,0.2000,CONTACT,0.00999
2.7700,10.2050,0.2000,CONTACT,0.00996
2.7800,9.6020,0.2000,CONTACT,0.01001
2.7900,9.9602,0.2000,CONTACT,0.01001
2.8000,10.4322,0.2000,CONTACT,0.00996
2.8100,9.6366,0.2000,CONTACT,0.01000
2.8200,9.5102,0.2000,CONTACT,0.01006
2.8300,10.2577,0.2000,CONTACT,0.01003
2.8400,10.1436,0.2000,CONTACT,0.01001
2.8500,9.9771,0.2000,CONTACT,0.01002
2.8600,10.1600,0.2000,CONTACT,0.01000
2.8700,9.8914,0.2000,CONTACT,0.01001
2.8800,10.1383,0.2000,CONTACT,0.01000
2.8900,9.9480,0.2000,CONTACT,0.01000
2.9000,9.7232,0.2000,CONTACT,0.01003
2.9100,10.0797,0.2000,CONTACT,0.01002
2.9200,9.9639,0.2000,CONTACT,0.01003
2.9300,9.9993,0.2000,CONTACT,0.01003
2.9400,9.9460,0.2000,CONTACT,0.01003
2.9500,9.8501,0.2000,CONTACT,0.01005
2.9600,10.1204,0.2000,CONTACT,0.01004
2.9700,9.6471,0.2000,CONTACT,0.01008
2.9800,10.0097,0.2000,CONTACT,0.01007
2.9900,10.0878,0.2000,CONTACT,0.01007
3.0000,9.8769,0.2000,CONTACT,0.01008
3.0100,9.8131,0.2000,CONTACT,0.01010
3.0200,10.1541,0.2000,CONTACT,0.01008
3.0300,9.7930,0.2000,CONTACT,0.01011
3.0400,10.0988,0.2000,CONTACT,0.01009
3.0500,9.9713,0.2000,CONTACT,0.01010
3.0600,10.5086,0.2000,CONTACT,0.01004
3.0700,9.8766,0.2000,CONTACT,0.01005
3.0800,10.0202,0.2000,CONTACT,0.01005
3.0900,9.9017,0.2000,CONTACT,0.01006
3.1000,10.2765,0.2000,CONTACT,0.01003
3.1100,9.9222,0.2000,CONTACT,0.01004
3.1200,10.2497,0.2000,CONTACT,0.01001
3.1300,10.0300,0.2000,CONTACT,0.01001
3.1400,10.3605,0.2000,CONTACT,0.00997
3.1500,10.1272,0.2000,CONTACT,0.00996
3.1600,9.9915,0.2000,CONTACT,0.00996
3.1700,9.5828,0.2000,CONTACT,0.01000
3.1800,10.3186,0.2000,CONTACT,0.00997
3.1900,10.1577,0.2000,CONTACT,0.00995
3.2000,9.9601,0.2000,CONTACT,0.00995
3.2100,9.6187,0.2000,CONTACT,0.01000
3.2200,9.6635,0.2000,CONTACT,0.01003
3.2300,10.1574,0.2000,CONTACT,0.01002
3.2400,10.0905,0.2000,CONTACT,0.01001
3.2500,10.3822,0.2000,CONTACT,0.00996
3.2600,10.0947,0.2000,CONTACT,0.00995
3.2700,9.9422,0.2000,CONTACT,0.00996
3.2800,9.6296,0.2000,CONTACT,0.01000
3.2900,10.2585,0.2000,CONTACT,0.00997
3.3000,9.7992,0.2000,CONTACT,0.01000
3.3100,9.7169,0.2000,CONTACT,0.01003
3.3200,9.9229,0.2000,CONTACT,0.01004
3.3300,10.3163,0.2000,CONTACT,0.01000
3.3400,9.7436,0.2000,CONTACT,0.01003
3.3500,10.2325,0.2000,CONTACT,0.01000
3.3600,9.9349,0.2000,CONTACT,0.01001
3.3700,10.1457,0.2000,CONTACT,0.00999
3.3800,10.2307,0.2000,CONTACT,0.00997
3.3900,10.0831,0.2000,CONTACT,0.00996
3.4000,9.7856,0.2000,CONTACT,0.00998
3.4100,9.7447,0.2000,CONTACT,0.01001
3.4200,9.9154,0.2000,CONTACT,0.01002
3.4300,9.8009,0.2000,CONTACT,0.01004
3.4400,10.0182,0.2000,CONTACT,0.01004
3.4500,9.9223,0.2000,CONTACT,0.01005
3.4600,10.6182,0.2000,CONTACT,0.00998
3.4700,10.1902,0.2000,CONTACT,0.00996
3.4800,9.9522,0.2000,CONTACT,0.00996
3.4900,9.9870,0.2000,CONTACT,0.00997
3.5000,10.3190,0.2000,CONTACT,0.00993
3.5100,9.7339,0.2000,CONTACT,0.00996
3.5200,9.4850,0.2000,CONTACT,0.01002
3.5300,10.2144,0.2000,CONTACT,0.00999
3.5400,10.2363,0.2000,CONTACT,0.00997
3.5500,9.9754,0.2000,CONTACT,0.00997
3.5600,9.8952,0.2000,CONTACT,0.00998
3.5700,10.0088,0.2000,CONTACT,0.00998
3.5800,10.1631,0.2000,CONTACT,0.00996
3.5900,9.8735,0.2000,CONTACT,0.00998
3.6000,9.5293,0.2000,CONTACT,0.01003
3.6100,9.9797,0.2000,CONTACT,0.01003
3.6200,9.8941,0.2000,CONTACT,0.01004
3.6300,9.8898,0.2000,CONTACT,0.01006
3.6400,10.2874,0.2000,CONTACT,0.01002
3.6500,9.7340,0.2000,CONTACT,0.01005
3.6600,10.1090,0.2000,CONTACT,0.01004
3.6700,10.0830,0.2000,CONTACT,0.01003
3.6800,9.7726,0.2000,CONTACT,0.01006
3.6900,9.8229,0.2000,CONTACT,0.01008
3.7000,9.8094,0.2000,CONTACT,0.01010
3.7100,10.2433,0.2000,CONTACT,0.01007
3.7200,9.8398,0.2000,CONTACT,0.01009
3.7300,10.1928,0.2000,CONTACT,0.01007
3.7400,10.3524,0.2000,CONTACT,0.01003
3.7500,9.9122,0.2000,CONTACT,0.01004
3.7600,10.1682,0.2000,CONTACT,0.01002
3.7700,9.7431,0.2000,CONTACT,0.01005
3.7800,10.2570,0.2000,CONTACT,0.01002
3.7900,10.1639,0.2000,CONTACT,0.01000
3.8000,10.2694,0.2000,CONTACT,0.00997
3.8100,9.8488,0.2000,CONTACT,0.00999
3.8200,10.2765,0.2000,CONTACT,0.00996
3.8300,10.3176,0.2000,CONTACT,0.00992
3.8400,9.9202,0.2000,CONTACT,0.00993
3.8500,9.9070,0.2000,CONTACT,0.00994
3.8600,9.9817,0.2000,CONTACT,0.00994
3.8700,10.0816,0.2000,CONTACT,0.00993
3.8800,9.7624,0.2000,CONTACT,0.00996
3.8900,10.2022,0.2000,CONTACT,0.00994
3.9000,9.5541,0.2000,CONTACT,0.00999
3.9100,9.8533,0.2000,CONTACT,0.01000
3.9200,10.1822,0.2000,CONTACT,0.00998
3.9300,10.2236,0.2000,CONTACT,0.00996
3.9400,9.6544,0.2000,CONTACT,0.01000
3.9500,9.9656,0.2000,CONTACT,0.01000
3.9600,9.4552,0.2000,CONTACT,0.01006
3.9700,10.4943,0.2000,CONTACT,0.01001
3.9800,10.0067,0.2000,CONTACT,0.01001
3.9900,10.0535,0.2000,CONTACT,0.01000
4.0000,10.3308,0.2000,CONTACT,0.00996
4.0100,10.0248,0.2000,CONTACT,0.00996
4.0200,10.0419,0.2000,CONTACT,0.00996
4.0300,10.4964,0.2000,CONTACT,0.00990
4.0400,10.1644,0.2000,CONTACT,0.00988
4.0500,9.7082,0.2000,CONTACT,0.00991
4.0600,9.7731,0.2000,CONTACT,0.00994
4.0700,9.8719,0.2000,CONTACT,0.00995
4.0800,9.7068,0.2000,CONTACT,0.00999
4.0900,10.0181,0.2000,CONTACT,0.00998
4.1000,9.9858,0.2000,CONTACT,0.00999
4.1100,10.2071,0.2000,CONTACT,0.00996
4.1200,9.8537,0.2000,CONTACT,0.00998
4.1300,10.0280,0.2000,CONTACT,0.00998
4.1400,9.9656,0.2000,CONTACT,0.00998
4.1500,9.6551,0.2000,CONTACT,0.01002
4.1600,9.7065,0.2000,CONTACT,0.01005
4.1700,10.0243,0.2000,CONTACT,0.01005
4.1800,10.0602,0.2000,CONTACT,0.01004
4.1900,10.1553,0.2000,CONTACT,0.01002
4.2000,9.9624,0.2000,CONTACT,0.01003
4.2100,9.8831,0.2000,CONTACT,0.01004
4.2200,10.4555,0.2000,CONTACT,0.00999
4.2300,10.1862,0.2000,CONTACT,0.00997
4.2400,9.9304,0.2000,CONTACT,0.00998
4.2500,9.8364,0.2000,CONTACT,0.01000
4.2600,9.7801,0.2000,CONTACT,0.01002
4.2700,9.8861,0.2000,CONTACT,0.01003
4.2800,9.8833,0.2000,CONTACT,0.01005
4.2900,10.0053,0.2000,CONTACT,0.01005
4.3000,10.1470,0.2000,CONTACT,0.01003
4.3100,10.2743,0.2000,CONTACT,0.01000
4.3200,9.7278,0.2000,CONTACT,0.01003
4.3300,9.9420,0.2000,CONTACT,0.01004
4.3400,9.7683,0.2000,CONTACT,0.01006
4.3500,10.3841,0.2000,CONTACT,0.01002
4.3600,10.0905,0.2000,CONTACT,0.01001
4.3700,10.0555,0.2000,CONTACT,0.01000
4.3800,9.8892,0.2000,CONTACT,0.01001
4.3900,9.7134,0.2000,CONTACT,0.01005
4.4000,9.9784,0.2000,CONTACT,0.01005
4.4100,10.2220,0.2000,CONTACT,0.01002
4.4200,10.0831,0.2000,CONTACT,0.01002
4.4300,9.8781,0.2000,CONTACT,0.01003
4.4400,9.8524,0.2000,CONTACT,0.01004
4.4500,10.3376,0.2000,CONTACT,0.01001
4.4600,9.8274,0.2000,CONTACT,0.01003
4.4700,10.3132,0.2000,CONTACT,0.00999
4.4800,10.1311,0.2000,CONTACT,0.00998
4.4900,9.9757,0.2000,CONTACT,0.00998
4.5000,10.1166,0.2000,CONTACT,0.00997
4.5100,10.1125,0.2000,CONTACT,0.00995
4.5200,10.0003,0.2000,CONTACT,0.00995
4.5300,9.9487,0.2000,CONTACT,0.00996
4.5400,9.7394,0.2000,CONTACT,0.00999
4.5500,10.0897,0.2000,CONTACT,0.00998
4.5600,9.7380,0.2000,CONTACT,0.01001
4.5700,9.8549,0.2000,CONTACT,0.01002
4.5800,9.7794,0.2000,CONTACT,0.01005
4.5900,10.0138,0.2000,CONTACT,0.01005
4.6000,10.4161,0.2000,CONTACT,0.01000
4.6100,9.8149,0.2000,CONTACT,0.01002
4.6200,10.0340,0.2000,CONTACT,0.01002
4.6300,10.2669,0.2000,CONTACT,0.00999
4.6400,10.2749,0.2000,CONTACT,0.00996
4.6500,9.6672,0.2000,CONTACT,0.00999
4.6600,10.1216,0.2000,CONTACT,0.00998
4.6700,10.1213,0.2000,CONTACT,0.00997
4.6800,10.2534,0.2000,CONTACT,0.00994
4.6900,9.7481,0.2000,CONTACT,0.00997
4.7000,10.1586,0.2000,CONTACT,0.00995
4.7100,10.1738,0.2000,CONTACT,0.00993
4.7200,9.8353,0.2000,CONTACT,0.00995
4.7300,9.8515,0.2000,CONTACT,0.00997
4.7400,9.8604,0.2000,CONTACT,0.00998
4.7500,10.0365,0.2000,CONTACT,0.00998
4.7600,10.1955,0.2000,CONTACT,0.00996
4.7700,10.0238,0.2000,CONTACT,0.00995
4.7800,9.7405,0.2000,CONTACT,0.00998
4.7900,10.0086,0.2000,CONTACT,0.00998
4.8000,9.6657,0.2000,CONTACT,0.01002
4.8100,10.0362,0.2000,CONTACT,0.01001
4.8200,10.1885,0.2000,CONTACT,0.00999
4.8300,9.8459,0.2000,CONTACT,0.01001
4.8400,10.0418,0.2000,CONTACT,0.01001
4.8500,10.1505,0.2000,CONTACT,0.00999
4.8600,9.8231,0.2000,CONTACT,0.01001
4.8700,9.8856,0.2000,CONTACT,0.01002
4.8800,9.8567,0.2000,CONTACT,0.01004
4.8900,10.0314,0.2000,CONTACT,0.01003
4.9000,10.0396,0.2000,CONTACT,0.01003
4.9100,10.1087,0.2000,CONTACT,0.01002
4.9200,9.7704,0.2000,CONTACT,0.01004
4.9300,10.4139,0.2000,CONTACT,0.01000
4.9400,10.8477,0.2000,CONTACT,0.00990
4.9500,11.8658,0.2000,CONTACT,0.00969
4.9600,12.7700,0.2000,CONTACT,0.00939
4.9700,13.5379,0.2000,CONTACT,0.00899
4.9800,14.0625,0.2000,CONTACT,0.00854
4.9900,14.5977,0.2000,CONTACT,0.00804
5.0000,15.0838,0.2000,BACKOFF,0.00754
5.0100,15.0402,0.2000,BACKOFF,0.00704
5.0200,14.7950,0.2000,CONTACT,0.00654
5.0300,14.4724,0.2000,CONTACT,0.00605
5.0400,13.6795,0.2000,CONTACT,0.00564
5.0500,13.6400,0.2000,CONTACT,0.00523
5.0600,12.4941,0.2000,CONTACT,0.00496
5.0700,11.6922,0.2000,CONTACT,0.00477
5.0800,10.7559,0.2000,CONTACT,0.00468
5.0900,9.5459,0.2000,CONTACT,0.00473
5.1000,8.8495,0.2000,CONTACT,0.00486
5.1100,7.8698,0.2000,CONTACT,0.00510
5.1200,7.1267,0.2000,CONTACT,0.00542
5.1300,6.4693,0.2000,CONTACT,0.00581
5.1400,5.5039,0.2000,CONTACT,0.00631
5.1500,5.4894,0.2000,CONTACT,0.00681
5.1600,5.7572,0.2000,CONTACT,0.00728
5.1700,5.5533,0.2000,CONTACT,0.00777
5.1800,5.5853,0.2000,CONTACT,0.00827
5.1900,6.0719,0.2000,CONTACT,0.00870
5.2000,6.6717,0.2000,CONTACT,0.00907
5.2100,7.3540,0.2000,CONTACT,0.00937
5.2200,8.4573,0.2000,CONTACT,0.00954
5.2300,9.3453,0.2000,CONTACT,0.00961
5.2400,9.6413,0.2000,CONTACT,0.00965
5.2500,9.7672,0.2000,CONTACT,0.00968
5.2600,9.5683,0.2000,CONTACT,0.00972
5.2700,9.8274,0.2000,CONTACT,0.00974
5.2800,9.9252,0.2000,CONTACT,0.00975
5.2900,9.3856,0.2000,CONTACT,0.00982
5.3000,9.7601,0.2000,CONTACT,0.00985
5.3100,9.4290,0.2000,CONTACT,0.00991
5.3200,9.7909,0.2000,CONTACT,0.00993
5.3300,9.9093,0.2000,CONTACT,0.00994
5.3400,10.1647,0.2000,CONTACT,0.00992
5.3500,9.9775,0.2000,CONTACT,0.00993
5.3600,10.0749,0.2000,CONTACT,0.00992
5.3700,10.0322,0.2000,CONTACT,0.00991
5.3800,10.0085,0.2000,CONTACT,0.00991
5.3900,10.3413,0.2000,CONTACT,0.00988
5.4000,9.7920,0.2000,CONTACT,0.00990
5.4100,9.8848,0.2000,CONTACT,0.00991
5.4200,9.7521,0.2000,CONTACT,0.00994
5.4300,10.2380,0.2000,CONTACT,0.00991
5.4400,9.8446,0.2000,CONTACT,0.00993
5.4500,9.5811,0.2000,CONTACT,0.00998
5.4600,9.8705,0.2000,CONTACT,0.00999
5.4700,9.6193,0.2000,CONTACT,0.01003
5.4800,10.1760,0.2000,CONTACT,0.01001
5.4900,10.0353,0.2000,CONTACT,0.01001
5.5000,10.0708,0.2000,CONTACT,0.01000
5.5100,9.9694,0.2000,CONTACT,0.01001
5.5200,9.9965,0.2000,CONTACT,0.01001
5.5300,10.0742,0.2000,CONTACT,0.01000
5.5400,10.2318,0.2000,CONTACT,0.00997
5.5500,9.7632,0.2000,CONTACT,0.01000
5.5600,10.1040,0.2000,CONTACT,0.00999
5.5700,10.2731,0.2000,CONTACT,0.00996
5.5800,10.0205,0.2000,CONTACT,0.00995
5.5900,9.7264,0.2000,CONTACT,0.00998
5.6000,10.0586,0.2000,CONTACT,0.00998
5.6100,10.2548,0.2000,CONTACT,0.00995
5.6200,9.6988,0.2000,CONTACT,0.00998
5.6300,10.0526,0.2000,CONTACT,0.00998
5.6400,9.9517,0.2000,CONTACT,0.00998
5.6500,9.9577,0.2000,CONTACT,0.00999
5.6600,10.0415,0.2000,CONTACT,0.00998
5.6700,9.7697,0.2000,CONTACT,0.01001
5.6800,10.1030,0.2000,CONTACT,0.01000
5.6900,10.0014,0.2000,CONTACT,0.01000
5.7000,9.7976,0.2000,CONTACT,0.01002
5.7100,9.4448,0.2000,CONTACT,0.01008
5.7200,9.9284,0.2000,CONTACT,0.01009
5.7300,10.1318,0.2000,CONTACT,0.01007
5.7400,9.9789,0.2000,CONTACT,0.01008
5.7500,10.1466,0.2000,CONTACT,0.01006
5.7600,9.9989,0.2000,CONTACT,0.01006
5.7700,9.8525,0.2000,CONTACT,0.01008
5.7800,9.6616,0.2000,CONTACT,0.01011
5.7900,10.0409,0.2000,CONTACT,0.01011
5.8000,9.7463,0.2000,CONTACT,0.01014
5.8100,10.3316,0.2000,CONTACT,0.01010
5.8200,10.0487,0.2000,CONTACT,0.01010
5.8300,10.3895,0.2000,CONTACT,0.01005
5.8400,10.0791,0.2000,CONTACT,0.01004
5.8500,10.0534,0.2000,CONTACT,0.01004
5.8600,9.9330,0.2000,CONTACT,0.01005
5.8700,10.1110,0.2000,CONTACT,0.01003
5.8800,9.9584,0.2000,CONTACT,0.01004
5.8900,9.9753,0.2000,CONTACT,0.01004
5.9000,9.9762,0.2000,CONTACT,0.01004
5.9100,9.8478,0.2000,CONTACT,0.01006
5.9200,10.2290,0.2000,CONTACT,0.01003
5.9300,9.8285,0.2000,CONTACT,0.01005
5.9400,10.0510,0.2000,CONTACT,0.01005
5.9500,10.0142,0.2000,CONTACT,0.01005
5.9600,9.6796,0.2000,CONTACT,0.01008
5.9700,9.5383,0.2000,CONTACT,0.01013
5.9800,10.2336,0.2000,CONTACT,0.01011
5.9900,9.8831,0.2000,CONTACT,0.01012
6.0000,10.3731,0.2000,CONTACT,0.01008
6.0100,10.1942,0.2000,CONTACT,0.01006
6.0200,9.9537,0.2000,CONTACT,0.01006
6.0300,9.9493,0.2000,CONTACT,0.01007
6.0400,10.1791,0.2000,CONTACT,0.01005
6.0500,9.8689,0.2000,CONTACT,0.01006
6.0600,9.9913,0.2000,CONTACT,0.01006
6.0700,10.0596,0.2000,CONTACT,0.01006
6.0800,9.9469,0.2000,CONTACT,0.01006
6.0900,9.6789,0.2000,CONTACT,0.01010
6.1000,10.4424,0.2000,CONTACT,0.01005
6.1100,10.1913,0.2000,CONTACT,0.01003
6.1200,9.9758,0.2000,CONTACT,0.01003
6.1300,9.9835,0.2000,CONTACT,0.01003
6.1400,10.3140,0.2000,CONTACT,0.01000
6.1500,10.0329,0.2000,CONTACT,0.00999
6.1600,10.1638,0.2000,CONTACT,0.00998
6.1700,10.0181,0.2000,CONTACT,0.00997
6.1800,9.7720,0.2000,CONTACT,0.01000
6.1900,10.1918,0.2000,CONTACT,0.00998
6.2000,10.1484,0.2000,CONTACT,0.00996
6.2100,10.1897,0.2000,CONTACT,0.00994
6.2200,9.7392,0.2000,CONTACT,0.00997
6.2300,10.3806,0.2000,CONTACT,0.00993
6.2400,10.0267,0.2000,CONTACT,0.00992
6.2500,9.6718,0.2000,CONTACT,0.00996
6.2600,10.0160,0.2000,CONTACT,0.00996
6.2700,10.2468,0.2000,CONTACT,0.00993
6.2800,10.0193,0.2000,CONTACT,0.00993
6.2900,9.8784,0.2000,CONTACT,0.00994
6.3000,9.9621,0.2000,CONTACT,0.00995
6.3100,9.9740,0.2000,CONTACT,0.00995
6.3200,10.2083,0.2000,CONTACT,0.00993
6.3300,9.9128,0.2000,CONTACT,0.00994
6.3400,9.5096,0.2000,CONTACT,0.00999
6.3500,10.0024,0.2000,CONTACT,0.00999
6.3600,10.1220,0.2000,CONTACT,0.00998
6.3700,9.8203,0.2000,CONTACT,0.01000
6.3800,9.8311,0.2000,CONTACT,0.01002
6.3900,10.0621,0.2000,CONTACT,0.01001
6.4000,10.1000,0.2000,CONTACT,0.01000
6.4100,9.6747,0.2000,CONTACT,0.01003
6.4200,10.0782,0.2000,CONTACT,0.01002
6.4300,10.4435,0.2000,CONTACT,0.00998
6.4400,9.6969,0.2000,CONTACT,0.01001
6.4500,10.3350,0.2000,CONTACT,0.00997
6.4600,9.6486,0.2000,CONTACT,0.01001
6.4700,10.2603,0.2000,CONTACT,0.00998
6.4800,9.9934,0.2000,CONTACT,0.00998
6.4900,9.9546,0.2000,CONTACT,0.00999
6.5000,9.8580,0.2000,CONTACT,0.01000
6.5100,10.3564,0.2000,CONTACT,0.00996
6.5200,10.3313,0.2000,CONTACT,0.00993
6.5300,10.0499,0.2000,CONTACT,0.00992
6.5400,10.0796,0.2000,CONTACT,0.00991
6.5500,10.1512,0.2000,CONTACT,0.00990
6.5600,9.5570,0.2000,CONTACT,0.00995
6.5700,10.0498,0.2000,CONTACT,0.00994
6.5800,9.7237,0.2000,CONTACT,0.00997
6.5900,10.2471,0.2000,CONTACT,0.00994
6.6000,9.9364,0.2000,CONTACT,0.00995
6.6100,9.9474,0.2000,CONTACT,0.00996
6.6200,10.0965,0.2000,CONTACT,0.00995
6.6300,10.0625,0.2000,CONTACT,0.00994
6.6400,10.0253,0.2000,CONTACT,0.00994
6.6500,10.2372,0.2000,CONTACT,0.00991
6.6600,9.9023,0.2000,CONTACT,0.00992
6.6700,10.0517,0.2000,CONTACT,0.00991
6.6800,9.8789,0.2000,CONTACT,0.00993
6.6900,9.7522,0.2000,CONTACT,0.00996
6.7000,10.3337,0.2000,CONTACT,0.00992
6.7100,10.1442,0.2000,CONTACT,0.00990
6.7200,9.6461,0.2000,CONTACT,0.00994
6.7300,9.9487,0.2000,CONTACT,0.00995
6.7400,9.9739,0.2000,CONTACT,0.00995
6.7500,9.9937,0.2000,CONTACT,0.00995
6.7600,10.0386,0.2000,CONTACT,0.00995
6.7700,9.9374,0.2000,CONTACT,0.00995
6.7800,9.8792,0.2000,CONTACT,0.00997
6.7900,10.0120,0.2000,CONTACT,0.00997
6.8000,10.2083,0.2000,CONTACT,0.00994
6.8100,9.9529,0.2000,CONTACT,0.00995
6.8200,10.1419,0.2000,CONTACT,0.00993
6.8300,9.8018,0.2000,CONTACT,0.00995
6.8400,9.6366,0.2000,CONTACT,0.00999
6.8500,9.7200,0.2000,CONTACT,0.01003
6.8600,10.0285,0.2000,CONTACT,0.01002
6.8700,9.9819,0.2000,CONTACT,0.01002
6.8800,9.9234,0.2000,CONTACT,0.01003
6.8900,10.0275,0.2000,CONTACT,0.01003
6.9000,9.9763,0.2000,CONTACT,0.01003
6.9100,9.9165,0.2000,CONTACT,0.01004
6.9200,9.8012,0.2000,CONTACT,0.01006
6.9300,10.2348,0.2000,CONTACT,0.01004
6.9400,10.2914,0.2000,CONTACT,0.01001
6.9500,9.6314,0.2000,CONTACT,0.01005
6.9600,10.1075,0.2000,CONTACT,0.01003
6.9700,10.1582,0.2000,CONTACT,0.01002
6.9800,10.0587,0.2000,CONTACT,0.01001
6.9900,9.9871,0.2000,CONTACT,0.01001
7.0000,9.7252,0.2000,CONTACT,0.01004
7.0100,9.8743,0.2000,CONTACT,0.01006
7.0200,9.6613,0.2000,CONTACT,0.01009
7.0300,10.0408,0.2000,CONTACT,0.01009
7.0400,10.1984,0.2000,CONTACT,0.01007
7.0500,9.9830,0.2000,CONTACT,0.01007
7.0600,10.2922,0.2000,CONTACT,0.01004
7.0700,10.2085,0.2000,CONTACT,0.01001
7.0800,10.2430,0.2000,CONTACT,0.00999
7.0900,10.0489,0.2000,CONTACT,0.00998
7.1000,9.9443,0.2000,CONTACT,0.00999
7.1100,9.7731,0.2000,CONTACT,0.01001
7.1200,9.8955,0.2000,CONTACT,0.01002
7.1300,10.0220,0.2000,CONTACT,0.01002
7.1400,10.1482,0.2000,CONTACT,0.01001
7.1500,9.8742,0.2000,CONTACT,0.01002
7.1600,9.7767,0.2000,CONTACT,0.01004
7.1700,10.1495,0.2000,CONTACT,0.01003
7.1800,10.5025,0.2000,CONTACT,0.00997
7.1900,9.7767,0.2000,CONTACT,0.01000
7.2000,9.8285,0.2000,CONTACT,0.01002
7.2100,10.1470,0.2000,CONTACT,0.01000
7.2200,10.0576,0.2000,CONTACT,0.00999
7.2300,10.0604,0.2000,CONTACT,0.00999
7.2400,9.8467,0.2000,CONTACT,0.01000
7.2500,9.8028,0.2000,CONTACT,0.01002
7.2600,9.8238,0.2000,CONTACT,0.01004
7.2700,10.5821,0.2000,CONTACT,0.00998
7.2800,9.9195,0.2000,CONTACT,0.00999
7.2900,9.8957,0.2000,CONTACT,0.01000
7.3000,9.9399,0.2000,CONTACT,0.01001
7.3100,9.9186,0.2000,CONTACT,0.01002
7.3200,9.8550,0.2000,CONTACT,0.01003
7.3300,10.2363,0.2000,CONTACT,0.01001
7.3400,9.7491,0.2000,CONTACT,0.01003
7.3500,10.0992,0.2000,CONTACT,0.01002
7.3600,10.1142,0.2000,CONTACT,0.01001
7.3700,9.7009,0.2000,CONTACT,0.01004
7.3800,10.1168,0.2000,CONTACT,0.01003
7.3900,9.8013,0.2000,CONTACT,0.01005
7.4000,10.0466,0.2000,CONTACT,0.01005
7.4100,10.0215,0.2000,CONTACT,0.01004
7.4200,10.0319,0.2000,CONTACT,0.01004
7.4300,9.7785,0.2000,CONTACT,0.01007
7.4400,10.1651,0.2000,CONTACT,0.01005
7.4500,9.9603,0.2000,CONTACT,0.01005
7.4600,9.9387,0.2000,CONTACT,0.01006
7.4700,10.1720,0.2000,CONTACT,0.01004
7.4800,10.2468,0.2000,CONTACT,0.01001
7.4900,10.0971,0.2000,CONTACT,0.01000
7.5000,10.3250,0.2000,CONTACT,0.00997
7.5100,10.0363,0.2000,CONTACT,0.00996
7.5200,10.2403,0.2000,CONTACT,0.00993
7.5300,9.9297,0.2000,CONTACT,0.00994
7.5400,10.4297,0.2000,CONTACT,0.00989
7.5500,10.2391,0.2000,CONTACT,0.00987
7.5600,9.5741,0.2000,CONTACT,0.00992
7.5700,9.8356,0.2000,CONTACT,0.00993
7.5800,9.6902,0.2000,CONTACT,0.00997
7.5900,10.0721,0.2000,CONTACT,0.00996
7.6000,10.3022,0.2000,CONTACT,0.00993
7.6100,10.4601,0.2000,CONTACT,0.00988
7.6200,9.9437,0.2000,CONTACT,0.00988
7.6300,9.6646,0.2000,CONTACT,0.00992
7.6400,9.9441,0.2000,CONTACT,0.00993
7.6500,9.9641,0.2000,CONTACT,0.00993
7.6600,10.0795,0.2000,CONTACT,0.00992
7.6700,9.8514,0.2000,CONTACT,0.00994
7.6800,10.4049,0.2000,CONTACT,0.00989
7.6900,9.6118,0.2000,CONTACT,0.00993
7.7000,9.5273,0.2000,CONTACT,0.00999
7.7100,10.1796,0.2000,CONTACT,0.00997
7.7200,9.7703,0.2000,CONTACT,0.00999
7.7300,9.9220,0.2000,CONTACT,0.01000
7.7400,10.3471,0.2000,CONTACT,0.00996
7.7500,10.0991,0.2000,CONTACT,0.00995
7.7600,9.8851,0.2000,CONTACT,0.00996
7.7700,9.6452,0.2000,CONTACT,0.01000
7.7800,10.0368,0.2000,CONTACT,0.01000
7.7900,10.0319,0.2000,CONTACT,0.01000
7.8000,10.0985,0.2000,CONTACT,0.00999
7.8100,10.0586,0.2000,CONTACT,0.00998
7.8200,10.0197,0.2000,CONTACT,0.00998
7.8300,10.1741,0.2000,CONTACT,0.00996
7.8400,10.1776,0.2000,CONTACT,0.00994
7.8500,10.3337,0.2000,CONTACT,0.00990
7.8600,9.8168,0.2000,CONTACT,0.00992
7.8700,9.6309,0.2000,CONTACT,0.00996
7.8800,10.1460,0.2000,CONTACT,0.00995
7.8900,10.1329,0.2000,CONTACT,0.00993
7.9000,9.9156,0.2000,CONTACT,0.00994
7.9100,10.3234,0.2000,CONTACT,0.00990
7.9200,9.7809,0.2000,CONTACT,0.00993
7.9300,9.7916,0.2000,CONTACT,0.00995
7.9400,10.1359,0.2000,CONTACT,0.00994
7.9500,9.9675,0.2000,CONTACT,0.00994
7.9600,10.1658,0.2000,CONTACT,0.00992
7.9700,9.6569,0.2000,CONTACT,0.00996
7.9800,10.0094,0.2000,CONTACT,0.00996
7.9900,10.1245,0.2000,CONTACT,0.00995
8.0000,9.8191,0.2000,CONTACT,0.00997
8.0100,9.8537,0.2000,CONTACT,0.00998
8.0200,10.0279,0.2000,CONTACT,0.00998
8.0300,10.2548,0.2000,CONTACT,0.00995
8.0400,10.0203,0.2000,CONTACT,0.00995
8.0500,9.8275,0.2000,CONTACT,0.00997
8.0600,10.2119,0.2000,CONTACT,0.00994
8.0700,9.8872,0.2000,CONTACT,0.00996
8.0800,10.0077,0.2000,CONTACT,0.00996
8.0900,9.9228,0.2000,CONTACT,0.00996
8.1000,10.3012,0.2000,CONTACT,0.00993
8.1100,10.2168,0.2000,CONTACT,0.00991
8.1200,9.7612,0.2000,CONTACT,0.00993
8.1300,9.6041,0.2000,CONTACT,0.00998
8.1400,9.8269,0.2000,CONTACT,0.01000
8.1500,9.9784,0.2000,CONTACT,0.01000
8.1600,9.9272,0.2000,CONTACT,0.01001
8.1700,9.9909,0.2000,CONTACT,0.01001
8.1800,10.2061,0.2000,CONTACT,0.00998
8.1900,9.8293,0.2000,CONTACT,0.01000
8.2000,10.0413,0.2000,CONTACT,0.01000
8.2100,10.1902,0.2000,CONTACT,0.00998
8.2200,10.1886,0.2000,CONTACT,0.00996
8.2300,10.0940,0.2000,CONTACT,0.00995
8.2400,10.2236,0.2000,CONTACT,0.00992
8.2500,9.9567,0.2000,CONTACT,0.00993
8.2600,10.1468,0.2000,CONTACT,0.00991
8.2700,9.8206,0.2000,CONTACT,0.00993
8.2800,9.7158,0.2000,CONTACT,0.00996
8.2900,10.0520,0.2000,CONTACT,0.00996
8.3000,9.7615,0.2000,CONTACT,0.00998
8.3100,9.9955,0.2000,CONTACT,0.00998
8.3200,10.1316,0.2000,CONTACT,0.00997
8.3300,9.8860,0.2000,CONTACT,0.00998
8.3400,9.9630,0.2000,CONTACT,0.00999
8.3500,10.1046,0.2000,CONTACT,0.00997
8.3600,10.1904,0.2000,CONTACT,0.00995
8.3700,9.9026,0.2000,CONTACT,0.00996
8.3800,9.7054,0.2000,CONTACT,0.01000
8.3900,10.0555,0.2000,CONTACT,0.00999
8.4000,9.8613,0.2000,CONTACT,0.01001
8.4100,10.1974,0.2000,CONTACT,0.00998
8.4200,10.1565,0.2000,CONTACT,0.00997
8.4300,10.2191,0.2000,CONTACT,0.00994
8.4400,10.0985,0.2000,CONTACT,0.00993
8.4500,9.8802,0.2000,CONTACT,0.00994
8.4600,10.2124,0.2000,CONTACT,0.00992
8.4700,10.0774,0.2000,CONTACT,0.00991
8.4800,10.0039,0.2000,CONTACT,0.00991
8.4900,10.2024,0.2000,CONTACT,0.00989
8.5000,9.8554,0.2000,CONTACT,0.00990
8.5100,9.6859,0.2000,CONTACT,0.00994
8.5200,10.1160,0.2000,CONTACT,0.00993
8.5300,9.9547,0.2000,CONTACT,0.00993
8.5400,10.1966,0.2000,CONTACT,0.00991
8.5500,9.7636,0.2000,CONTACT,0.00994
8.5600,9.6978,0.2000,CONTACT,0.00997
8.5700,9.9729,0.2000,CONTACT,0.00997
8.5800,9.7948,0.2000,CONTACT,0.01000
8.5900,9.9242,0.2000,CONTACT,0.01000
8.6000,10.2394,0.2000,CONTACT,0.00998
8.6100,10.0397,0.2000,CONTACT,0.00997
8.6200,9.9902,0.2000,CONTACT,0.00997
8.6300,9.9486,0.2000,CONTACT,0.00998
8.6400,10.0439,0.2000,CONTACT,0.00998
8.6500,10.0829,0.2000,CONTACT,0.00997
8.6600,9.7661,0.2000,CONTACT,0.00999
8.6700,9.9591,0.2000,CONTACT,0.01000
8.6800,10.1115,0.2000,CONTACT,0.00998
8.6900,10.1210,0.2000,CONTACT,0.00997
8.7000,9.8896,0.2000,CONTACT,0.00998
8.7100,10.1026,0.2000,CONTACT,0.00997
8.7200,10.0486,0.2000,CONTACT,0.00997
8.7300,10.1104,0.2000,CONTACT,0.00995
8.7400,9.9301,0.2000,CONTACT,0.00996
8.7500,10.2652,0.2000,CONTACT,0.00993
8.7600,9.9380,0.2000,CONTACT,0.00994
8.7700,9.5527,0.2000,CONTACT,0.00999
8.7800,10.0424,0.2000,CONTACT,0.00998
8.7900,10.2105,0.2000,CONTACT,0.00996
8.8000,9.9966,0.2000,CONTACT,0.00996
8.8100,10.0974,0.2000,CONTACT,0.00995
8.8200,10.0371,0.2000,CONTACT,0.00995
8.8300,10.2060,0.2000,CONTACT,0.00992
8.8400,9.9516,0.2000,CONTACT,0.00993
8.8500,9.7852,0.2000,CONTACT,0.00995
8.8600,9.7449,0.2000,CONTACT,0.00998
8.8700,9.4382,0.2000,CONTACT,0.01004
8.8800,10.1403,0.2000,CONTACT,0.01003
8.8900,9.7770,0.2000,CONTACT,0.01005
8.9000,10.2418,0.2000,CONTACT,0.01003
8.9100,9.8633,0.2000,CONTACT,0.01004
8.9200,10.3292,0.2000,CONTACT,0.01000
8.9300,9.6428,0.2000,CONTACT,0.01004
8.9400,9.6227,0.2000,CONTACT,0.01009
8.9500,10.4102,0.2000,CONTACT,0.01004
8.9600,10.1461,0.2000,CONTACT,0.01002
8.9700,10.2691,0.2000,CONTACT,0.00999
8.9800,10.4700,0.2000,CONTACT,0.00994
8.9900,9.9961,0.2000,CONTACT,0.00994
9.0000,9.7276,0.2000,CONTACT,0.00997
9.0100,9.9140,0.2000,CONTACT,0.00998
9.0200,9.8966,0.2000,CONTACT,0.00999
9.0300,10.1325,0.2000,CONTACT,0.00998
9.0400,10.3007,0.2000,CONTACT,0.00995
9.0500,9.9827,0.2000,CONTACT,0.00995
9.0600,10.1596,0.2000,CONTACT,0.00993
9.0700,10.0002,0.2000,CONTACT,0.00993
9.0800,10.1444,0.2000,CONTACT,0.00991
9.0900,9.5695,0.2000,CONTACT,0.00996
9.1000,10.1499,0.2000,CONTACT,0.00994
9.1100,10.1562,0.2000,CONTACT,0.00993
9.1200,10.2801,0.2000,CONTACT,0.00990
9.1300,9.9586,0.2000,CONTACT,0.00990
9.1400,10.0021,0.2000,CONTACT,0.00990
9.1500,9.3953,0.2000,CONTACT,0.00997
9.1600,9.7097,0.2000,CONTACT,0.01000
9.1700,10.0542,0.2000,CONTACT,0.00999
9.1800,10.0128,0.2000,CONTACT,0.00999
9.1900,9.8221,0.2000,CONTACT,0.01001
9.2000,10.2684,0.2000,CONTACT,0.00998
9.2100,9.8721,0.2000,CONTACT,0.01000
9.2200,9.6209,0.2000,CONTACT,0.01004
9.2300,10.3772,0.2000,CONTACT,0.01000
9.2400,9.8812,0.2000,CONTACT,0.01001
9.2500,10.0733,0.2000,CONTACT,0.01000
9.2600,9.8035,0.2000,CONTACT,0.01002
9.2700,10.4237,0.2000,CONTACT,0.00998
9.2800,10.3301,0.2000,CONTACT,0.00994
9.2900,10.1571,0.2000,CONTACT,0.00992
9.3000,9.7637,0.2000,CONTACT,0.00995
9.3100,9.7536,0.2000,CONTACT,0.00998
9.3200,9.7403,0.2000,CONTACT,0.01001
9.3300,10.1333,0.2000,CONTACT,0.00999
9.3400,9.8800,0.2000,CONTACT,0.01000
9.3500,9.8715,0.2000,CONTACT,0.01002
9.3600,10.3367,0.2000,CONTACT,0.00998
9.3700,9.8739,0.2000,CONTACT,0.00999
9.3800,10.0379,0.2000,CONTACT,0.00999
9.3900,10.2412,0.2000,CONTACT,0.00996
9.4000,10.1788,0.2000,CONTACT,0.00994
9.4100,9.5290,0.2000,CONTACT,0.01000
9.4200,10.1151,0.2000,CONTACT,0.00998
9.4300,10.3243,0.2000,CONTACT,0.00995
9.4400,9.7429,0.2000,CONTACT,0.00998
9.4500,9.8322,0.2000,CONTACT,0.00999
9.4600,9.8123,0.2000,CONTACT,0.01002
9.4700,9.6462,0.2000,CONTACT,0.01005
9.4800,10.3530,0.2000,CONTACT,0.01002
9.4900,9.7882,0.2000,CONTACT,0.01004
9.5000,9.9084,0.2000,CONTACT,0.01005
9.5100,9.8951,0.2000,CONTACT,0.01006
9.5200,10.1185,0.2000,CONTACT,0.01005
9.5300,10.3056,0.2000,CONTACT,0.01001
9.5400,10.2663,0.2000,CONTACT,0.00998
9.5500,10.3353,0.2000,CONTACT,0.00995
9.5600,9.8068,0.2000,CONTACT,0.00997
9.5700,10.0817,0.2000,CONTACT,0.00996
9.5800,9.9361,0.2000,CONTACT,0.00997
9.5900,9.7760,0.2000,CONTACT,0.00999
9.6000,10.1476,0.2000,CONTACT,0.00997
9.6100,10.0126,0.2000,CONTACT,0.00997
9.6200,10.0764,0.2000,CONTACT,0.00996
9.6300,9.9651,0.2000,CONTACT,0.00997
9.6400,9.8313,0.2000,CONTACT,0.00999
9.6500,9.6245,0.2000,CONTACT,0.01003
9.6600,10.3340,0.2000,CONTACT,0.00999
9.6700,9.9698,0.2000,CONTACT,0.01000
9.6800,9.9236,0.2000,CONTACT,0.01000
9.6900,10.0191,0.2000,CONTACT,0.01000
9.7000,10.0599,0.2000,CONTACT,0.00999
9.7100,10.0564,0.2000,CONTACT,0.00999
9.7200,9.9273,0.2000,CONTACT,0.01000
9.7300,9.9761,0.2000,CONTACT,0.01000
9.7400,9.7948,0.2000,CONTACT,0.01002
9.7500,9.8751,0.2000,CONTACT,0.01004
9.7600,10.0470,0.2000,CONTACT,0.01003
9.7700,9.8416,0.2000,CONTACT,0.01005
9.7800,10.2893,0.2000,CONTACT,0.01002
9.7900,9.9997,0.2000,CONTACT,0.01002
9.8000,10.0336,0.2000,CONTACT,0.01001
9.8100,9.8718,0.2000,CONTACT,0.01003
9.8200,9.9382,0.2000,CONTACT,0.01003
9.8300,10.1419,0.2000,CONTACT,0.01002
9.8400,9.9405,0.2000,CONTACT,0.01002
9.8500,10.4257,0.2000,CONTACT,0.00998
9.8600,9.9825,0.2000,CONTACT,0.00998
9.8700,9.9922,0.2000,CONTACT,0.00998
9.8800,9.8654,0.2000,CONTACT,0.01000
9.8900,9.9207,0.2000,CONTACT,0.01000
9.9000,9.9068,0.2000,CONTACT,0.01001
9.9100,9.9692,0.2000,CONTACT,0.01002
9.9200,9.7671,0.2000,CONTACT,0.01004
9.9300,10.0933,0.2000,CONTACT,0.01003
9.9400,9.7976,0.2000,CONTACT,0.01006
9.9500,9.9201,0.2000,CONTACT,0.01006
9.9600,10.0970,0.2000,CONTACT,0.01005
9.9700,10.1772,0.2000,CONTACT,0.01003
9.9800,10.4604,0.2000,CONTACT,0.00998
9.9900,10.0418,0.2000,CONTACT,0.00998
10.0000,9.8849,0.2000,CONTACT,0.00999
10.0100,9.8934,0.2000,CONTACT,0.01000
10.0200,10.1801,0.2000,CONTACT,0.00998
10.0300,9.6971,0.2000,CONTACT,0.01002
10.0400,10.4415,0.2000,CONTACT,0.00997
10.0500,9.8791,0.2000,CONTACT,0.00998
10.0600,10.2484,0.2000,CONTACT,0.00995
10.0700,9.7596,0.2000,CONTACT,0.00998
10.0800,10.3394,0.2000,CONTACT,0.00994
10.0900,10.4007,0.2000,CONTACT,0.00990
10.1000,10.3593,0.2000,CONTACT,0.00986
10.1100,9.6375,0.2000,CONTACT,0.00990
10.1200,9.9211,0.2000,CONTACT,0.00991
10.1300,9.7776,0.2000,CONTACT,0.00993
10.1400,9.8110,0.2000,CONTACT,0.00995
10.1500,10.1241,0.2000,CONTACT,0.00994
10.1600,10.0869,0.2000,CONTACT,0.00993
10.1700,9.9321,0.2000,CONTACT,0.00994
10.1800,9.6380,0.2000,CONTACT,0.00998
10.1900,10.2113,0.2000,CONTACT,0.00995
10.2000,9.8950,0.2000,CONTACT,0.00997
10.2100,10.0911,0.2000,CONTACT,0.00996
10.2200,10.0340,0.2000,CONTACT,0.00995
10.2300,9.8359,0.2000,CONTACT,0.00997
10.2400,10.0673,0.2000,CONTACT,0.00996
10.2500,9.9008,0.2000,CONTACT,0.00997
10.2600,9.7935,0.2000,CONTACT,0.01000
10.2700,10.2642,0.2000,CONTACT,0.00997
10.2800,10.2236,0.2000,CONTACT,0.00994
10.2900,10.0778,0.2000,CONTACT,0.00993
